id,class_id,year,title,doi,pdf_present,pdf_path,t1,t2,t3,r1,r2,r3,r4,r5,r6,relevance_score,full_text_decision,exclusion_code,notes
P0213,C2,2026,Optimization and Acceleration of Visual-Inertial Navigation System for UAVs Based on Heterogeneous Computing Architecture,10.1007/978-981-95-4053-2_48,False,,Y,Y,Y,1,1,1,0,1,0,4,INCLUDE,,GPU/HW accelerated VINS-Mono + adaptive feature selection + OF init; UAV platform; LNEE 2026. NOTE: potential C4.
P0181,C6,2026,A robust fault-tolerant control algorithm for GPS-denied mini quadrotors using PID-TinyMPC and visual-inertial odometry,10.1016/j.conengprac.2026.106779,True,papers/P0181.pdf,N,Y,Y,1,0,1,0,0,1,3,EXCLUDE,T1,"PID-TinyMPC fault-tolerant controller; VIO (IMU+baro+camera) is state estimation input, not the contribution."
P0034,C2,2025,A Visual-Inertial Localization Method Based on Motion Feature Constraints,10.1007/978-981-96-2204-7_7,False,,Y,Y,?,1,1,0,0,0,0,2,INCLUDE,,ZUPT factor + motion constraints to handle hover/dynamic objects in VIO; LNEE conf; results expected.
P0037,C2,2025,Adaptive Covariance and Quaternion-Focused Hybrid Error-State EKF/UKF for Visual-Inertial Odometry,10.1007/s44196-025-00942-0,True,papers/P0037.pdf,Y,Y,Y,1,1,0,1,1,0,4,INCLUDE,,"Hybrid ESKF/UKF; adaptive sensor confidence score (entropy, blur); EuRoC MAV; 49% position improvement. CORE: adaptive covariance."
P0071,C6,2025,Resilient Navigation for UAVs: GNSS Attack Detection and Seamless Transition to Visual-Inertial Localization,10.1109/indicon68490.2025.11392970,True,papers/P0071.pdf,N,N,N,1,1,0,1,0,1,4,EXCLUDE,T1,"GNSS attack detection; VIO is fallback system used unmodified — no VIO algorithmic contribution. EXCLUDE (T1; also fails T2 and T3). T-1 fails: 'The core contribution of this work is the ""Regenerative"" framework - a self-healing decision logic designed to maintain operational continuity during sensor loss' (p.2), i.e. a GNSS spoofing/jamming detection"
P0298,C2,2025,Real-time motion state estimation of feature points based on optical flow field for robust monocular visual-inertial odometry in dynamic scenes,10.1016/j.eswa.2025.126813,True,papers/P0298.pdf,Y,Y,Y,1,1,1,0,1,0,4,INCLUDE,,Adaptive feature-quality/robust-weighting contribution to VIO (C2 core). Aerial validation via VIODE quadcopter and EuRoC MAV plus embedded real-time. No auxiliary sensor beyond cam+IMU; not EKF (optimization-based).
P0084,C2,2025,A Comparative Analysis of Hybrid Sensor Fusion Schemes for Visual-Inertial Navigation,10.1109/tim.2025.3555758,True,papers/P0084.pdf,Y,Y,Y,1,1,0,1,0,0,3,INCLUDE,,Hybrid GRU+ESKF comparative analysis; systematically quantified; IEEE TIM 2025. INCLUDE. the text supports every filter on the first clause. T-1: 'A novel hybrid VIO architecture is proposed based on ESKF and GRU-based error correction mechanisms. To the best of the authors' knowledge
P0101,C2,2025,Adaptive Covariance Matrix for UAV-Based Visual–Inertial Navigation Systems Using Gaussian Formulas,10.3390/s25154745,True,papers/P0101.pdf,Y,Y,Y,1,1,1,0,1,0,4,INCLUDE,,Textbook CORE adaptive-covariance (C2) paper for GNSS-denied UAV VINS. Built on optimization (VINS-Mono) so r4=0; cam+IMU only so r6=0.
P0335,C2,2025,Resilient Vision-Inertial Fusion Algorithm Based on the Depth of Feature Point,10.1109/jsen.2024.3487243,True,papers/P0335.pdf,Y,Y,Y,0,1,0,0,1,0,2,INCLUDE,,"Depth-of-feature adaptive noise weighting in VSLAM; UAVs; IEEE Sensors 2025. INCLUDE. T1: 'we propose a resilient visual inertial odometry (VIO) algorithm with an adaptive adjustment of fusion weights' (p.1); resilient coefficient function psi(d)=3.0/depth^2 rescales the visual covariance inside the VINS-Fusion sliding-window optimisation (eq. 15, p.6). T2: 'The EuRoC dataset was col"
P0337,C2,2025,Fusion of Optical Flow and Dead Reckoning Algorithms for UAV Navigation Without GPS,10.12716/1001.19.04.02,True,papers/P0337.pdf,Y,Y,Y,1,0,0,0,1,1,3,INCLUDE,,Optical flow + dead reckoning fusion for GPS-denied UAV; EKF-like framework; real flight; TransNav 2025. R6 re-derived from the recoded aux_sensors column: 1.
P0364,C2,2025,Kalman Filter-Based Drift Detection and Mitigation of Visual-Inertial Odometry in UAVs,10.23919/acc63710.2025.11107817,True,papers/P0364.pdf,N,Y,N,1,0,0,1,0,0,2,EXCLUDE,T1,Conceptual framework for KF-based VIO drift detection/safety; no quantitative evaluation vs baseline; ACC 2025. EXCLUDE T1. T1: VIO is used unmodified: 'State estimation of the vehicle relies on the VIO-based estimator OpenVINS framework' (p.5).
P0147,C2,2025,Online Dynamic Model Calibration for Reliable Control of Quadrotor Based on Factor Graph Optimization,10.1109/taes.2025.3566347,True,papers/P0147.pdf,N,Y,Y,0,1,1,0,0,0,2,EXCLUDE,T1,"Online dynamic model calibration (CG, drag, HVT) via factor graph + VIO; quadrotor; IEEE TAES 2025."
P0409,C2,2025,Development of an Algorithm for Absolute Visual Navigation of an Unmanned Aerial Vehicle,10.3103/s1068799825030067,True,papers/P0409.pdf,Y,Y,Y,1,1,0,1,1,1,5,EXCLUDE,EXC-9,Hybrid absolute map matching + VIO + EKF fusion for GNSS-denied UAV; Russian Aeronautics 2025. EXC-9 withdrawn (no methodological basis); retained on T-1/T-2/T-3 as originally assessed. R2 set to 1 on re-reading: measurement covariance R_vis scaled by RANSAC inlier count (adaptive covariance) plus Mahalanobis gating. R6 re-derived from the recoded aux_sensors column: 1.
P0208,C2,2025,UAV Sensor Data Fusion for Localization Using Adaptive Multiscale Feature Matching Mechanisms Under GPS-Deprived Environment,10.3390/aerospace12121048,True,papers/P0208.pdf,Y,Y,Y,1,1,1,1,1,1,6,INCLUDE,,"Core adaptive-VIO C2 match. Evaluation is simulation-from-real-flight-logs (MATLAB) rather than fully onboard real-time, and baselines limited to internal variants/optical flow; no public benchmark or ATE. Real-time onboard implementation claimed/targeted. R6 re-derived from the recoded aux_sensors column: 1."
P0434,C1,2025,LM-VINS: A Lightweight Magnetic-Assisted Visual-Inertial Navigation System for Unmanned Aerial Vehicles,10.1109/cac67268.2025.11487778,True,papers/P0434.pdf,Y,Y,Y,0,0,1,1,0,1,3,INCLUDE,,"LM-VINS: MSCKF + magnetic heading constraint factor; ellipsoid calibration; lightweight UAV; CAC 2025. CORE. INCLUDE. T1: 'a magnetic heading constraint factor is introduced into the MSCKF filtering framework to construct a heading residual model and suppress heading drift' (p.1); heading measurement model, residual and Jacobian H_mag derived in Sec. III-C.2 (p.4)."
P0624,C7,2025,Particle Filter-Based Localization Using Visual Feature Synchronization in GNSS-Denied Navigation,10.1109/icns65417.2025.10976891,True,papers/P0624.pdf,Y,Y,Y,1,1,1,1,1,1,6,INCLUDE,,"Scene-/feature-matching front-end with learning-augmented (CycleGAN) domain adaptation + MPF over EKF-VIO. Borderline C2 (learning-augmented adaptive) vs C7 (scene-matching front-end); dominant contribution is cross-domain matching -> C7. Quantitative but coarse, hence reduce R6 re-derived from the recoded aux_sensors column: 1."
P0374,C1,2024,Error-State Kalman Filter based Visual-Inertial Odometry Using Orientation Measurement on Unit Quaternion Group,10.1109/iros58592.2024.10801565,True,papers/P0374.pdf,Y,Y,Y,1,0,0,1,0,0,2,INCLUDE,,ESKF with geometric SO(3) error for orientation on closed-platform UAV; flight experiments; IROS 2024. INCLUDE. T1: 'we derive an innovation signal for an orientation measurement model on the unit quaternion group S3 based on the error-state Kalman filter (ESKF) framework' (p.1); 'we fuse IMU linear acceleration and angular velocity with noisy linear velocity measurements from its vision positioning system an
P0381,C6,2024,Autonomous Navigation Algorithm of Monocular UAV Based on Depth Estimation and Robust VIO,10.1109/ifeea64237.2024.10878697,True,papers/P0381.pdf,Y,Y,Y,0,1,0,0,0,0,1,INCLUDE,,"Monocular UAV: VIO scale calibrates depth for obstacle avoidance + VIO init; IFEEA 2024. INCLUDE. T1: modifies VINS-Mono visual initialisation: 'Our method does not triangulate map points when creating map points, but uses depth estimation neural network to provide map points for sliding window at the same time, then calculates interframe pose through PNP' and 'selects the first three frames of Class split C6/C3."
P0418,C3,2024,In-Flight Initialization of Global Visual-Inertial Estimators using Geospatial Data,10.1109/iros58592.2024.10802622,True,papers/P0418.pdf,Y,Y,Y,1,1,0,1,1,0,4,INCLUDE,,In-flight VIO initialization via geospatial data + learning-based matching; degenerate motions; IROS 2024. INCLUDE.
P0422,C5,2024,Square-Root Inverse Filter-based GNSS-Visual-Inertial Navigation,10.1109/icra57147.2024.10611666,True,papers/P0422.pdf,Y,Y,Y,1,1,1,1,1,1,6,INCLUDE,,GNSS-VIO aux-modality fusion (C5) but with strong filter-based estimator + adaptive online calibration; relevance maxed (6). Prior T2 uncertainty resolved - clearly validated on UAV datasets.
P0250,C2,2023,Robust Multi-Sensor Navigation in GNSS Degraded Environments,10.2514/6.2023-2242,False,,Y,Y,?,1,1,0,0,0,1,3,INCLUDE,,Adaptive sensor switching (GNSS/VINS/LIDAR) in GNSS-degraded environments; UAV; AIAA 2023.
P0120,C2,2023,UAV Navigation With Monocular Visual Inertial Odometry Under GNSS-Denied Environment,10.1109/tgrs.2023.3323519,True,papers/P0120.pdf,Y,Y,Y,1,1,0,0,1,0,3,INCLUDE,,"Adaptive gamma correction + adaptive backend weighting + point-line fusion for UAV VIO; IEEE TGRS 2023. INCLUDE. T1: 'we propose a tightly coupled nonlinear adaptive optimization method based on a two-step approach .. adjusted the weights of the point features and line features adaptively in real time' plus adaptive gamma correction and improved EDLines, built on VINS-MONO (p.2, p.3, p.8, eqs. 25-27); T2: EuR"
P0131,C2,2023,GNSS-Denied Semi-Direct Visual Navigation for Autonomous UAVs Aided by PI-Inspired Inertial Priors,10.3390/aerospace10030220,True,papers/P0131.pdf,Y,Y,Y,1,1,0,1,1,1,5,INCLUDE,,Strong adaptive (C2) GNSS-denied VIO/VNS contribution; simulation-only (no onboard real-time demo) so r3=0. Open-source C++.
P0385,C2,2023,A Novel Three-Stage Robust Adaptive Filtering Algorithm for Visual-Inertial Odometry in GNSS-Denied Environments,10.1109/jsen.2023.3289313,True,papers/P0385.pdf,Y,N,Y,1,1,0,1,0,0,3,EXCLUDE,T2,3-stage H∞-CMSCKF + uncertainty memory weighting + mode switching; GNSS-denied UAV+UGV; IEEE Sensors 2023. EXCLUDE T2. T1: 'the H-inf criterion is introduced into the popular cubature multistate constraint Kalman filter (CMSCKF) .. we further put forward a three-stage robust adaptive H-inf filtering algorithm' (p.1); Algorithm 1 AHCMSCKF with uncertainty-degree gating between CMSCKF and HCMSCKF (p.6). T2: 'numerica
P0153,C7,2023,A Visual-Inertial Navigation Coupled Localization Method Based on Adaptive Point-Line Feature Extraction,10.1109/jsen.2023.3312731,True,papers/P0153.pdf,Y,Y,Y,0,1,0,0,1,0,2,INCLUDE,,"Adaptive line feature threshold + point-line VIO; UAV complex envs; IEEE Sensors 2023; CORE. INCLUDE (T-1 first clause; not borderline). confirmed on the text. T-1 (first clause, no borderline flag needed): the paper presents its own VIO system with a new front-end, 'we propose a visual-inertial navigation coupled localization method based on adaptive point-line feature extraction (VIN-APL)' (abstract, p.1),"
P0202,C2,2023,PLI-VIO: Real-time Monocular Visual-inertial Odometry Using Point and Line Interrelated Features,10.1007/s12555-022-0210-9,True,papers/P0202.pdf,Y,Y,Y,1,1,1,0,1,0,4,INCLUDE,,PLI-VIO: EDlines-based line feat extraction + point-line tracking; EuRoC+TUM-VI; IJCAS 2023. R2 set to 1: paper is in an adaptive-strategy row.
P0042,C6,2023,Efficient Visual-Inertial Navigation with Point-Plane Map,10.1109/icra48891.2023.10160393,True,papers/P0042.pdf,Y,Y,Y,1,1,0,1,1,1,5,INCLUDE,,"PPM-VIO: filter-based VIO w/ point-plane map for drift correction; ICRA 2023; EuRoC+MAV. INCLUDE. T1: 'we propose a filter-based, large-scale visual-inertial odometry system, termed PPM-VIO, which utilizes a point-plane map to correct the cumulative drift' (p.1); 'Based on the MSCKF estimator [1], the proposed PPM-VIO applies the point-plane prior map' (p.2); new point-map (Eqs. 14-24, p.3-4) an Class split C6/C1."
P0326,C2,2022,Landmark-Based Scale Estimation and Correction of Visual Inertial Odometry for VTOL UAVs in a GPS-Denied Environment,10.3390/s22249654,True,papers/P0326.pdf,Y,Y,Y,1,1,1,1,0,1,5,INCLUDE,,"Online scale calibration/correction of VIO -> C2 core; EKF-based fusion -> r4=1; GPS-denied -> r1=1; real flight + RMSE -> T3 and r3=1. Landmark is a visual fiducial, not an auxiliary non-visual sensor, so r6=0; front-end emphasis is on scale correction not feature method so R6 re-derived from the recoded aux_sensors column: 1."
P0119,C5,2022,Towards Consistent Visual-Inertial Navigation for Unmanned Aerial Vehicles using Depth Information,10.1109/ccece49351.2022.9918398,True,papers/P0119.pdf,Y,Y,Y,0,1,0,1,0,1,3,INCLUDE,,Matlab simulation only — no UAV platform or aerial dataset; filtering-based DE-VINS for quadrotor. INCLUDE. T1: 'This paper proposes a new filtering-based depth enhanced visual-inertial navigation system (DE-VINS) for quadrotor UAVs using a combined epipolar measurement model and a depth enhanced camera pose update' (p.1); new LiDAR-depth measurement model eq. (5) with Jacobians (6)-(7) and nonlinear obse
P0176,C2,2022,Photometric Visual-Inertial Navigation with Uncertainty-Aware Ensembles,10.1109/tro.2021.3139964,True,papers/P0176.pdf,Y,Y,Y,0,0,1,1,1,0,3,INCLUDE,,Photometric VIO w/ uncertainty-aware ensembles + IEKF; featureless UAV floor; IEEE TRO 2022. CORE. R2 re-derived from the extraction sheet (adaptive_online) and Table 10 membership: 0.
P0256,C1,2021,UAV Visual-Inertial Dynamics (VI-D) Odometry using Unscented Kalman Filter,10.1016/j.ifacol.2021.11.272,True,papers/P0256.pdf,Y,Y,Y,0,0,0,1,0,0,1,INCLUDE,,"VI-D: quadrotor dynamics + UKF for VIO; 2-5% trans, 37% rot improvement; IFAC 2021. INCLUDE. T1: 'The main contribution of this work is the design of a modular state estimator based on an Unscented Kalman Filter which exploits the non-linear quadrotor dynamics with visual-inertial odometry (VI-D) system' (p.2)."
P0052,C2,2021,An Adaptive Approach based on Multi-State Constraint Kalman Filter for UAVs,10.23919/iccas52745.2021.9649897,True,papers/P0052.pdf,Y,Y,Y,1,1,0,1,0,0,3,INCLUDE,,"Adaptive MSCKF with innovation/residual-based noise covariance; drone VINS; ICCAS 2021. INCLUDE. T1: 'our paper proposes new adaptive rules for estimating the noise covariance matrices used in the MSCKF' (p.2); innovation/residual-based recursive Q and R adaptation with forgetting factor, Eqs. (14)-(17) and Algorithm 1 'Adaptive MSCKF' (p.3). T2: 'a small virtual UAV is equipped with a monocula"
P0079,C2,2020,Stereo Visual Inertial Odometry for Unmanned Aerial Vehicle Autonomous Flight,10.1007/978-981-32-9686-2_62,False,,Y,Y,Y,0,0,1,0,1,0,1,,EXC-8,Stereo VIO for UAV autonomous flight; LNEE 2020; PDF mismatch — abstract-only eval; T3 unconfirmed.
P0105,C2,2020,An Online Calibration 2-DoF Attitude and Height State Estimator,10.23919/ccc50068.2020.9188820,True,papers/P0105.pdf,Y,Y,Y,1,1,1,1,1,1,6,INCLUDE,,Online EKF 2-DoF attitude calibration + height radar for altitude drift; UAV SLAM; CCC 2020. High R-score. T-3 is satisfied ('any numeric accuracy figure stated against ground truth or a baseline counts as quantitative'; exclusion only when 'comparison shown only as plots with no number stated anywhere').
P0373,C2,2020,Perception-aided Visual-Inertial Integrated Positioning in Dynamic Urban Areas,10.1109/plans46316.2020.9109963,True,papers/P0373.pdf,Y,N,Y,0,1,0,0,1,0,2,EXCLUDE,T2,Adaptive uncertainty model for dynamic features in VINS; urban canyon experiment; PLANS 2020. T-1 is satisfied: 'we propose to mitigate the effects of dynamic objects by remodeling the uncertainty of dynamic feature point (DFP) using a novel weighting scheme to achieve adaptively tuning of visual measurement model' (p.2 = proc. p.1564); adaptive information matrices Eqs. (23)-(24) replace VINS-Mono's fixed P (p.5).'.
P0285,C2,2019,Online spatial and temporal calibration for monocular direct visual-inertial odometry,10.3390/s19102273,True,papers/P0285.pdf,Y,Y,Y,1,1,0,0,0,0,2,INCLUDE,,Online spatial+temporal calibration for direct VIO; robust without prior info; UAV dataset; Sensors 2019.
P0351,C2,2019,Control-enabled Observability and Sensitivity Functions in Visual-Inertial Odometry,10.1007/s10846-018-0808-6,True,papers/P0351.pdf,N,Y,Y,1,0,0,0,0,0,1,EXCLUDE,T1,Theoretical analysis of control-input effects on VIO sensitivity; Monte Carlo + UAV motions; JIRS 2019. EXCLUDE T1: no VIO algorithm is presented or extended; the estimators used for validation are unmodified prior work.
P0627,C2,2019,Flexible Trinocular: Non-rigid Multi-Camera-IMU Dense Reconstruction for UAV Navigation and Mapping,10.1109/iros40897.2019.8967651,True,papers/P0627.pdf,Y,Y,N,0,0,1,1,0,1,3,EXCLUDE,T3,"Flexible trinocular EKF for non-rigid camera baseline on fixed-wing UAV; geo-referenced mapping; IROS 2019. R6 re-derived from the recoded aux_sensors column: 1. T-2 is satisfied: 'Fixed-wing UAV platform Techpod equipped with the proposed trinocular visual-inertial sensor setup' (Fig. 1, p.1 = proc. p.1137); 'Whilst [1] is only tested in simulation, this publication demonstrates the real-world application' (p.2)."
P0027,C2,2018,Visual-inertial odometry with robust initialization and online scale estimation,10.3390/s18124287,True,papers/P0027.pdf,Y,Y,Y,0,1,0,0,0,0,1,INCLUDE,,Robust VIO init + online scale estimation; EuRoC vs OKVIS/VINS-Mono; foundational.
P0369,C7,2018,Tightly coupled visual inertial odometry based on artificial landmarks,10.1109/icinfa.2018.8812447,True,papers/P0369.pdf,Y,Y,Y,1,1,1,1,1,0,5,INCLUDE,,"IEKF + custom redesigned tag for tightly coupled VIO; mobile robot/UAV; ICCAS 2018. INCLUDE. Confirmed on the text. T-1 first clause: the paper presents its own tightly coupled VIO: 'we propose a cost effective and high robust ego-motion estimation system based on a monocular, Visual Inertial Odometry algorithm that tightly fuses the artificial landmarks and inertial measurements with Itera"
P0067,C2,2015,Sensing and control of a quadrotor using a visual inertial fusion method,10.1109/iccas.2015.7364912,True,papers/P0067.pdf,Y,Y,Y,1,0,1,1,1,0,4,INCLUDE,,Binary template+LK optical flow in EKF for quadrotor; indoor+outdoor flights; foundational EKF-OF VIO.
P0361,C2,2015,Robust visual inertial odometry using a direct EKF-based approach,10.1109/iros.2015.7353389,True,papers/P0361.pdf,Y,Y,Y,1,1,1,1,1,0,5,INCLUDE,,ROVIO: direct EKF-based VIO w/ robocentric multilevel patches; MAV control loop; IROS 2015. Landmark paper. R2 re-derived from the extraction sheet (adaptive_online) and Table 10 membership: 1.
P0115,C2,2026,UAV–UGV Collaborative Localization in GNSS-Denied Large-Scale Environments: An Anchor-Free VIO–UWB Fusion with Adaptive Weighting and Outlier Suppression,10.3390/drones10030175,True,papers/P0115.pdf,Y,Y,Y,1,1,1,0,0,1,4,INCLUDE,,Core adaptive robust weighting/outlier suppression fusion -> C2 (CORE) per explicit adaptive contribution; modality UWB (r6=1). VIO consumed onboard but fusion/estimator + adaptive weighting is the algorithmic contribution (T1 pass). r4=0 (factor-graph optimization backend).
P0177,C1,2026,Enhancing UAV Autonomy and Path Optimization Through SBAS and Visual-Inertial Odometry; [Mejora de la autonomía de UAV y optimización de trayectorias mediante odometría visual–inercial integrada con SBAS],10.15446/ing.investig.119122,True,papers/P0177.pdf,N,Y,Y,1,0,0,0,0,1,2,EXCLUDE,T1,"SBAS+monocular VIO in factor graph for UAV autonomy/path optimization; GPS-denied; 2026. T-1 N: no algorithmic contribution. The estimator described is the generic monocular VIO factor graph - state (2), IMU preintegration residual (5), reprojection residual (6) and the cost 'Minimize sum ||R_IMU(X_t, X_t+1)||^2 + sum ||R_vision(X_t)||^2'."
P0178,C1,2026,Fusion of Visual-Inertial Odometry With LiDAR Relative Localization for Cooperative Guidance of a Micro-Scale Aerial Vehicle,10.1109/access.2026.3666998,True,papers/P0178.pdf,Y,Y,Y,1,1,1,0,0,1,4,INCLUDE,,VIO+LiDAR fusion for cooperative MAV guidance (micro+large UAV team); IEEE Access 2026. T-1 satisfied under the widened second clause: the paper is a multi-sensor state estimator whose contribution is the VIO measurement model and its integration with an auxiliary sensor (LiDAR). 'The key contribution of our work is to fuse the complementary strengths of LiDAR ..'.
P0005,C6,2025,Robust UAV Localization in GNSS-Denied Environments via Efficient Visual Scene Matching-Inertial Fusion,10.1109/cait68620.2025.11424858,True,papers/P0005.pdf,Y,Y,Y,1,1,1,1,1,1,6,INCLUDE,,Lightweight VI localization for GNSS-denied UAV; cross-domain scale fix; efficient onboard; 2025. INCLUDE.
P0007,C1,2025,PO-GVINS: A Tightly Coupled GNSS-Visual-Inertial Navigation Framework Using Pose-Only Representation,10.1109/lra.2025.3606792,True,papers/P0007.pdf,Y,N,Y,1,0,0,1,0,1,3,EXCLUDE,T2,"PO-GVINS: tightly coupled GNSS-VI navigation for aerial/autonomous vehicles; 2025. EXCLUDE (T2). confirmed from the text. T-1 and T-3 are satisfied (pose-only tightly coupled GNSS-VI EKF, 'we propose a filtering-based, tightly coupled GNSS-visual-inertial positioning framework with a pose-only formulation applied to VINS, termed PO-GVINS' (p.1); RMS ATE/ARE/RPE vs MSCKF, VINS"
P0016,C1,2025,GeoVINS: Geographic-Visual-Inertial Navigation System for Large-Scale Drift-Free Aerial State Estimation,10.1109/tro.2025.3613467,True,papers/P0016.pdf,Y,Y,Y,1,1,1,1,1,0,5,INCLUDE,,"GeoVINS: satellite orthoimagery + VINS for large-scale global state estimation; scale+drift fix; 2025. INCLUDE. confirmed from the text, no borderline clause needed. T-1 (first clause): a new tightly coupled estimator, 'We develop a tightly-coupled geographic-visual-inertial navigation framework that incorporates global state initialization and accurate motion tracking' (p.2, contribution 2"
P0036,C1,2025,GO-SLAM: GPS-Aided Visual-Inertial SLAM for Adaptive UAV Navigation in Outdoor-Indoor Environments,10.1109/tim.2025.3538081,True,papers/P0036.pdf,Y,Y,Y,1,1,0,0,0,1,3,INCLUDE,,"GO-SLAM: GPS-aided VI-SLAM with adaptive indoor/outdoor transition for UAV SAR; 2025. INCLUDE (T-1 borderline, second clause; note: 'loosely coupled GPS+IMU+visual sliding-window MAP estimator; contribution is the GPS inte. confirmed from the text and, for Table I, from the PDF'."
P0271,C1,2025,Multiview Landmark-Assisted UAV Swarm 6-DoF Pose Estimation Using Resonant Beam and VIO,10.1109/jiot.2025.3573755,True,papers/P0271.pdf,Y,Y,Y,1,1,0,0,1,1,4,INCLUDE,,"Multiview landmark-assisted UAV swarm 6-DoF pose estimation; GPS-limited IoT environments; 2025. INCLUDE (T-1 borderline, second clause): the per-UAV VIO is off the shelf ('each UAV is equipped with GPU-accelerated VIO'), and the contribution is a multi-sensor estimator integrating the VIO stream with auxiliary RBeam and inter-UAV visual constraints. R2 set to 1: paper is in an adaptive-strategy row."
P0283,C1,2025,Derivative-Enhanced Fusion Approach of Camera-IMU-UWB for GNSS-Denied UAV Navigation,10.1007/978-981-96-3552-8_36,False,,Y,Y,Y,1,0,0,0,0,1,2,INCLUDE,,Derivative-enhanced camera-IMU-UWB tight coupling for GNSS-denied UAV localization; 2025.
P0306,C1,2025,LVIO-GSMAP: Robust LiDAR-Visual-Inertial UAV System With Gaussian Mapping,10.1109/ecie65947.2025.11087050,True,papers/P0306.pdf,Y,Y,N,0,1,0,1,1,1,4,EXCLUDE,T3,"LVIO-GSMAP: LiDAR-VI-SLAM + 3D Gaussian splatting for outdoor UAV; photometric degradation; 2025. EXCLUDE T3 (T-1 borderline-Y under the second clause, T-2 Y): no quantitative accuracy metric is stated against a prior method or baseline."
P0086,C5,2025,Integrated Resonant Beam and VIO for UAV Position and Attitude Sensing in Air-Ground Vehicular Network,10.1109/tvt.2025.3628254,True,papers/P0086.pdf,Y,Y,Y,1,1,0,0,0,1,3,INCLUDE,,"Resonant beam + VIO fusion for UAV position/attitude in GNSS-denied network environments; 2025. INCLUDE (T-1 borderline, second clause). the text supports it under the widened T-1 clause exactly as the coding rule describes. First clause fails: 'we adopt VINS-Fusion (VINS) as the VIO framework' (p.3, Sec. III.A) and 'we obtain the results directly us"
P0339,C1,2025,LGVINS: LiDAR-GPS-Visual and Inertial System Based Multi-Sensor Fusion for Smooth and Reliable UAV State Estimation,10.1109/tiv.2024.3469551,True,papers/P0339.pdf,Y,Y,Y,1,1,0,1,0,1,4,INCLUDE,,LGVINS: tightly-coupled LiDAR+GPS+stereo+IMU filtering for UAV/UGV; IEEE TIV 2025. R2 set to 1: paper is in an adaptive-strategy row.
P0122,C7,2025,GPLVINS: Tightly Coupled GNSS-Visual-Inertial Fusion for Consistent State Estimation with Point and Line Features for Unmanned Aerial Vehicles,10.3390/drones9110801,True,papers/P0122.pdf,Y,Y,Y,1,0,1,0,1,1,4,INCLUDE,,"Front-end/feature-method contribution (point+line, NMS-LSD, line reprojection factor) is primary -> C7; also GNSS-VIO fusion (r6=1, GNSS aux modality). r2=0 (no online adaptivity); r4=0 (optimization-based)."
P0347,C1,2025,Distributed UAV Swarm Collaborative SLAM Based on Visual-Inertial-Ranging Measurement,10.1007/978-981-96-2220-7_18,False,,Y,Y,Y,1,0,0,0,0,1,2,INCLUDE,,Distributed collaborative SLAM for UAV swarm based on VIO with inter-UAV relative measurements; 2025.
P0128,C1,2025,Virtual Stereo Vision-Based Localization and 3D Mesh Mapping for Dual UAV Systems,10.1109/robio66223.2025.11378261,True,papers/P0128.pdf,Y,Y,Y,1,1,0,1,0,1,4,INCLUDE,,"Virtual stereo vision for high-altitude UAV (single camera with temporal stereo); scale fix; 2025. INCLUDE. T1: 'we designed an MSCKF to fuse inertial sensor data, camera sensor data, and pseudo-observation information based on optimization deviations' (p.2), pseudo-observations from inter-UAV co-visibility and UWB ranging merged into an augmented measurement matrix (eqs. 7-12, p.3); consistency-aware opt"
P0130,C1,2025,LiDAR-Based Visual Inertial Odometry for High Altitude UAV,10.1007/978-981-96-2236-8_40,False,,Y,Y,Y,1,0,0,0,0,1,2,INCLUDE,,LiDAR depth estimation compensated VIO for high-altitude UAV; depth accuracy improvement; 2025.
P0173,C1,2025,LiDAR-Visual-Inertial Fusion Architectures for GNSS-Resilient Aerial Navigation: Performance Assessment,10.1109/dasc66011.2025.11257343,True,papers/P0173.pdf,Y,Y,Y,1,1,0,1,0,1,4,INCLUDE,,"LiDAR-Visual-Inertial EKF fusion architectures for GNSS-resilient aerial navigation; 2025. INCLUDE. T1: 'A navigation architecture based on an EKF has been developed which loosely integrates sensors measurements. Two sources of measurements can be chosen, namely either 1) LiDAR only odometry measurements, or 2) LIDAR-aided visual odometry measurement' and 'A strategy is proposed to dynamically cho"
P0187,C5,2025,An Indoor UAV Localization Framework with ESKF Tightly-Coupled Fusion and Multi-Epoch UWB Outlier Rejection,10.3390/s25247673,True,papers/P0187.pdf,Y,Y,Y,1,1,1,1,0,1,5,INCLUDE,,"Strong filter-based (ESKF) auxiliary-fusion contribution with adaptive outlier rejection; VINS-Fusion VIO consumed but core contribution is fusion estimator + outlier rejection (T1 pass). C5 multi-modal fusion. T-1 borderline, retained: VINS-Fusion output is consumed, but the ESKF fusion estimator and the VIO-constrained UWB outlier rejection are new measurement-model contributions (amended T-1 wording, protocol §6)."
P0431,C1,2025,Enhanced State Estimation for Cruise Missiles Navigation: A BDS-Aided VIO Approach,10.1007/978-981-96-2224-5_42,False,,Y,Y,Y,1,0,0,0,0,1,2,INCLUDE,,BDS-aided VIO for cruise missile (unmanned aerial) precise state estimation; GPS-challenged; 2025.
P0565,C6,2025,High-Altitude Visual Feature-Based Multi-Sensor Tightly Coupled Pose Estimation,10.1109/icvisp68610.2025.11451677,True,papers/P0565.pdf,Y,Y,Y,1,1,1,0,1,0,4,INCLUDE,,"Target-assisted spatial alignment + tightly-coupled multi-sensor for high-altitude visual sparsity; 2025. INCLUDE. T1: 'this paper proposes a tightly coupled multi-sensor pose estimation framework that integrates visual-inertial fusion, online extrinsic calibration, and hierarchical factor graph optimization' (p.1); own sliding-window VIO cost function Eq."
P0584,C2,2025,Confidence Factor-Based Robust Localization Algorithm With Visual-Inertial-LiDAR Fusion in Underground Space,10.1109/tcsvt.2025.3530077,True,papers/P0584.pdf,Y,Y,Y,0,1,0,0,1,1,3,INCLUDE,,Confidence factor-based robust VI-LiDAR localization for underground UAV; sensor degradation handling; 2025. INCLUDE. T1: 'this paper proposes a confidence factor based robust localization algorithm .. adaptive confidence factors are designed to assess the reliability of LiDAR and camera features .. leveraged to weight the sensors residual factors' (p.1).
P0607,C6,2025,Cluster-ALIV: Aerial LiDAR-Inertia-Visual Dense Reconstruction for Cluster UAV,10.1109/lra.2025.3559839,True,papers/P0607.pdf,N,Y,Y,1,1,1,1,0,1,5,EXCLUDE,T1,"Cluster-ALIV: Aerial LiDAR-Inertia-Visual dense reconstruction; real-time for rescue/monitoring UAV; 2025. EXCLUDE T1: the vehicle pose is LiDAR-inertial and the camera never enters the state estimate ('The LIO component is adapted from FAST-LIO2 [16]'); the visual channel is used to render colour, which is not a VIO measurement-model contribution."
P0662,C1,2025,"FAST-LIVO2: Fast, Direct LiDAR–Inertial–Visual Odometry",10.1109/tro.2024.3502198,True,papers/P0662.pdf,Y,Y,Y,0,1,1,1,1,1,5,INCLUDE,,FAST-LIVO2: fast direct ESIKF for LiDAR-Inertial-Visual SLAM; real-time robotic; high-perf; 2025. CORE. INCLUDE.
P0231,C6,2024,High-Altitude Precision Landing by Smartphone Video Guidance Sensor and Sensor Fusion,10.3390/drones8020037,True,papers/P0231.pdf,N,Y,Y,1,0,1,1,0,1,4,EXCLUDE,T1,Smartphone SVGS photogrammetric sensor + GPS/IMU fusion for high-altitude UAV precision landing; 2024.
P0251,C2,2024,REFLoc: A Resilient Evolutionary Fusion Framework for Robust Indoor Localization,10.1109/tim.2024.3403196,True,papers/P0251.pdf,Y,Y,Y,1,1,0,1,0,1,4,INCLUDE,,REFLoc: resilient evolutionary multi-sensor fusion for robust indoor GPS-denied UAV localization; 2024. INCLUDE. T1: 'we construct the residual term of UWB .. combining this UWB residual term with the original cost function .. to jointly optimize the sliding window' eq. (9)-(10) (p.5).
P0039,C5,2024,R-LVIO: Resilient LiDAR-Visual-Inertial Odometry for UAVs in GNSS-denied Environment,10.3390/drones8090487,True,papers/P0039.pdf,Y,Y,Y,1,1,1,0,1,1,5,INCLUDE,,"Core LVIO advance for GNSS-denied UAV with adaptive mode switching; multimodal (LiDAR) fusion -> C5. r4=0 (optimization, not filter-based)."
P0075,C2,2024,Comparison of Visual-Inertial Sensor Fusion Techniques for GNSS-Resilient Navigation,10.1109/dasc62030.2024.10748659,True,papers/P0075.pdf,Y,Y,Y,1,1,0,1,1,0,4,INCLUDE,,Comparison of VI fusion strategies with variable EKF image processing for GNSS-resilient UAV; 2024. INCLUDE. T1: 'An original approach to provide the EKF with a consistent estimate of the covariance associated to the visual-based pose solution is proposed .. obtained by weighting the error associated to the geolocated features using their geometrical distribution' (p.2).
P0346,C2,2024,GPS-VIO Fusion with Online Rotational Calibration,10.1109/icra57147.2024.10611466,True,papers/P0346.pdf,Y,Y,Y,0,1,0,1,0,1,3,INCLUDE,,"GPS-VIO fusion with online rotational extrinsic calibration; significant accuracy improvement; 2024. INCLUDE. T1: 'we propose a novel filter-based estimator to fuse GPS measurements and visual-inertial data, and simultaneously estimate the rotational extrinsic parameter between the GPS and VIO frames online' (p.1); new state vector with psi, EpV, ItG and GPS measurement Jacobian (eqs. 4-7, p.3)."
P0172,C5,2024,HCCNet: Hybrid Coupled Cooperative Network for Robust Indoor Localization,10.1145/3665645,True,papers/P0172.pdf,Y,Y,Y,1,1,1,1,0,1,5,INCLUDE,,UWB-VIO auxiliary fusion (C5) with adaptive D-RANSAC outlier rejection; real-world validation on mobile robot but EuRoC MAV + UAV application keeps T2=Y.
P0407,C5,2024,Enhanced Altitude Estimation for Unmanned Aerial Vehicles in a GNSS-denied Environment,10.1109/icuas60882.2024.10556904,True,papers/P0407.pdf,Y,Y,N,1,1,1,1,0,1,5,EXCLUDE,T3,"Enhanced altitude estimation for VIO-based GNSS-denied UAV; barometer/altimeter augmentation; 2024. EXCLUDE (T3). No quantitative accuracy metric against ground truth or a baseline is stated anywhere: the results are trajectory plots only (Figs. 4-6, pp.5-6); the only magnitude given is 'Although the first two offsets are of equal magnitude"
P0002,C1,2023,"A Real-time Framework for UAV Indoor Self-Positioning and 3D Mapping Base on 2D Lidar, Stereo Camera and IMU",10.1109/rcar58764.2023.10249971,True,papers/P0002.pdf,Y,Y,Y,1,1,0,0,0,1,3,INCLUDE,,Real-time UAV indoor localization + 3D mapping: VINS-Fusion + 2D LiDAR; motion distortion fix; 2023. INCLUDE.
P0044,C1,2023,Multi-Sensor Fusion Framework Based on GPS State Detection,10.1109/cfasta57821.2023.10243321,True,papers/P0044.pdf,Y,Y,Y,1,1,1,0,0,1,4,INCLUDE,,"GPS state-detection multi-sensor graph fusion for indoor/outdoor UAV; adaptive GPS handling; 2023. INCLUDE (T-1 borderline, second clause): a multi-sensor state estimator whose integration of a consumed VIO stream with GPS and an ultrasonic height constraint is the contribution; T-1/T-2/T-3 = Y/Y/Y."
P0048,C5,2023,A Distributed SLAM with UWB-VIO Fusion Framework for Enhanced Relative Localization of Multi-UAVs System,10.1109/cvidl58838.2023.10166845,True,papers/P0048.pdf,Y,Y,Y,1,1,1,0,0,1,4,INCLUDE,,"Distributed SLAM with UWB-VIO fusion for multi-UAV relative localization; infrastructure-less; 2023. INCLUDE (T-1 borderline, second clause): the VIO block is unmodified and unnamed ('uses Visual-Inertial Odometry (VIO) to estimate the self-motion of each UAV'); the contribution is the distributed estimator that integrates the VIO stream with UWB ranging; T-1/T-2/T-3 = Y/Y/Y."
P0286,C1,2023,VIUNet: Deep Visual-Inertial-UWB Fusion for Indoor UAV Localization,10.1109/access.2023.3279292,True,papers/P0286.pdf,Y,Y,Y,1,1,1,0,1,1,5,INCLUDE,,VIUNet: deep VI+UWB fusion for indoor UAV; DL-based; GNSS-denied; IEEE Access 2023. CORE. R2 re-derived from the extraction sheet (adaptive_online) and Table 10 membership: 1.
P0289,C1,2023,Cooperative Visual-Range-Inertial Navigation for Multiple Unmanned Aerial Vehicles,10.1109/taes.2023.3297555,True,papers/P0289.pdf,Y,Y,Y,1,0,0,1,0,1,3,INCLUDE,,Cooperative visual-range-inertial navigation for multiple UAVs; distributed estimation + geometric constraints; 2023. INCLUDE.
P0316,C5,2023,Range–Visual–Inertial Odometry with Coarse-to-Fine Image Registration Fusion for UAV Localization,10.3390/drones7080540,True,papers/P0316.pdf,Y,Y,Y,1,1,0,0,1,1,4,INCLUDE,,"Range-VIO + auxiliary modality fusion (LRF range, satellite image registration) -> C5; r6=1 (LRF rangefinder). Strong adaptive weighting component (r2=1) and GNSS-denied focus (r1=1). r3=0: no explicit onboard/embedded real-time deployment claim. Optimization-based, not EKF -"
P0340,C5,2023,UVIO: An UWB-Aided Visual-Inertial Odometry Framework with Bias-Compensated Anchors Initialization,10.1109/iros55552.2023.10342012,True,papers/P0340.pdf,Y,Y,Y,1,1,1,1,0,1,5,INCLUDE,,"UVIO: UWB-aided VIO with bias-compensated initialization; multi-step UWB anchor init; 2023. INCLUDE. T1: 'Our proposed EKF-based UVIO filter .. Beside the classical MSCKF-VIO core state .. the UVIO filter is augmented with the UWB state' with a new range measurement model h(x)=beta*d+gamma, its Jacobians, and a 'Delayed Update' strategy for asynchronous UWB ranges (p.2-3)."
P0167,C5,2023,GNSS-denied UAV indoor navigation with UWB incorporated visual inertial odometry,10.1016/j.measurement.2022.112256,True,papers/P0167.pdf,Y,Y,Y,1,1,1,0,1,1,5,INCLUDE,,"UWB auxiliary fusion (C5) with adaptive re-init; optimization-based (not EKF) so r4=0. INCLUDE, targeted relevance."
P0049,C1,2022,A 2D Georeferenced Map Aided Visual-Inertial System for Precise UAV Localization,10.1109/iros47612.2022.9982254,True,papers/P0049.pdf,Y,Y,Y,1,1,0,0,1,1,4,INCLUDE,,"2D georeferenced map aided VI system for UAV geolocalization; map-visual matching + VIO; 2022. INCLUDE (T-1 borderline, second clause; note: 'VIO = unmodified VINS-Mono; contribution is the integration of the VIO with an absolute georegistration source: VIO-reconstructed R2 set to 1: paper is in an adaptive-strategy row."
P0367,C1,2022,Cooperative Navigation and Guidance of a Micro-Scale Aerial Vehicle by an Accompanying UAV using 3D LiDAR Relative Localization,10.1109/icuas54217.2022.9836116,True,papers/P0367.pdf,N,Y,Y,1,0,1,0,0,0,2,EXCLUDE,T1,Cooperative VIO+LiDAR navigation: large LiDAR-UAV guides micro camera-UAV; GNSS-denied; IROS 2022. R6 re-derived from the recoded aux_sensors column: 0. T-1 is not satisfied.
P0399,C1,2022,Improving Visual Inertial Odometry with UWB Positioning for UAV Indoor Navigation,10.1109/icpr56361.2022.9956500,False,,Y,Y,Y,1,0,0,0,0,1,2,INCLUDE,,UWB constraints improve VIO pose estimation for indoor UAV; two-stage UWB-VIO integration; 2022.
P0211,C5,2022,1D-LRF Aided Visual-Inertial Odometry for High-Altitude MAV Flight,10.1109/icra46639.2022.9811757,True,papers/P0211.pdf,Y,Y,Y,1,1,1,1,0,1,5,INCLUDE,,"1D-LRF aided VIO for high-altitude MAV (>100m); depth compensation for scale accuracy; IEEE 2022. INCLUDE. T1: 'we develop an efficient MSCKF-based VIO algorithm aided by a single 1D laser range finder (LRF), termed LRF-VIO' with a new LRF co-planar measurement model (Eq. 15-17), LRF-based delayed feature initialization (Eq. 20) and online LRF-camera extrinsic calibration (Eq. 21-23) (p.1, p.3-4); T2: 'a"
P0437,C1,2022,Error State Extended Kalman Filter Multi-Sensor Fusion for Unmanned Aerial Vehicle Localization in GPS and Magnetometer Denied Indoor Environments,10.1109/icuas54217.2022.9836124,True,papers/P0437.pdf,Y,Y,Y,1,1,1,1,0,1,5,INCLUDE,,"ES-EKF multi-sensor fusion for indoor UAV without GPS/magnetometer; barometer+camera+IMU; 2022. CORE. INCLUDE (T-1 borderline, second clause: multi-sensor ES-EKF whose contribution is the integration of an off-the-shelf VIO with IMU, LiDAR SLAM and UWB, with per-sensor drift states and an innovation a"
P0309,C1,2021,Distributed Variable-Baseline Stereo SLAM from two UAVs,10.1109/icra48506.2021.9560944,True,papers/P0309.pdf,Y,Y,Y,1,1,1,0,0,1,4,INCLUDE,,Distributed variable-baseline stereo SLAM via UWB + two UAVs; high-altitude (160m); ETH Zurich; RAL 2022. R2 re-derived from the extraction sheet (adaptive_online) and Table 10 membership: 1.
P0217,C1,2020,SIMSF: A Scale Insensitive Multi-Sensor Fusion Framework for Unmanned Aerial Vehicles Based on Graph Optimization,10.1109/access.2020.3000555,True,papers/P0217.pdf,Y,Y,Y,1,1,0,0,0,1,3,INCLUDE,,SIMSF: scale-insensitive multi-sensor fusion framework for UAV; graph optimization; IEEE Access 2020. R2 re-derived from the extraction sheet (adaptive_online) and Table 10 membership: 1.
P0018,C1,2020,Tightly-coupled Fusion of Global Positional Measurements in Optimization-based Visual-Inertial Odometry,10.1109/iros45743.2020.9341697,True,papers/P0018.pdf,Y,Y,Y,0,0,1,0,0,1,2,INCLUDE,,Tight-coupled global position (GPS) in VI optimization; 50% position error reduction; ETH; IROS 2021.
P0032,C1,2020,Multi-sensor fusion for unmanned aerial vehicles based on the combination of filtering and optimization; [结合滤波与优化的无人机多传感器融合方法],10.1360/ssi-2019-0237,True,papers/P0032.pdf,Y,Y,Y,1,0,0,0,0,1,2,EXCLUDE,INC-4,"SIMSF duplicate record (same paper as P0217, different DB export); same scores."
P0116,C1,2018,Cooperative UAV navigation using inter-vehicle ranging and magnetic anomaly measurements,10.2514/6.2018-1595,True,papers/P0116.pdf,N,Y,Y,1,0,0,1,0,1,3,EXCLUDE,T1,Cooperative EKF: VIO + inter-UAV ranging + magnetic anomaly localization; GPS-denied UAV group; ION 2022.
P0377,C1,2018,GOMSF: Graph-Optimization Based Multi-Sensor Fusion for robust UAV Pose estimation,10.1109/icra.2018.8460193,True,papers/P0377.pdf,Y,Y,Y,1,0,1,0,0,1,3,INCLUDE,,"GOMSF: graph-based MSF (VIO+global position) for UAV; real-time alignment; ETH; ICRA 2019. The first clause of T-1 is not met: OKVIS and ROVIO are run unmodified ('We test the performance of the system with both OKVIS [2], a keyframe-based VI odometry framework that uses nonlinear optimization, and ROVIO [1]', p.5 = proc. p.1425)."
P0408,C1,2016,Computationally efficient visual-inertial sensor fusion for Global Positioning System-denied navigation on a small quadrotor,10.1177/1687814016640996,True,papers/P0408.pdf,Y,Y,Y,1,1,1,1,0,0,4,INCLUDE,,Efficient VI fusion: separated orientation (gradient-descent) + 13-state linear KF for GPS-denied quadrotor; 2016. R2 re-derived from the extraction sheet (adaptive_online) and Table 10 membership: 1.
P0262,C3,2025,Transformer Based Visual Inertial Odometry,10.1007/978-981-96-2264-1_54,False,,Y,Y,Y,0,0,0,0,1,0,1,INCLUDE,,VIO-former: end-to-end transformer VIO for UAV; captures long-range temporal dependencies; LNEE 2025.
P0087,C2,2025,TSFNet: A Two-Stage Fusion Network for Visual–Inertial Odometry,10.3390/math13233842,True,papers/P0087.pdf,Y,Y,Y,1,1,1,0,1,0,4,INCLUDE,,Learning-augmented adaptive fusion is the core contribution -> C2 (CORE) rather than prior C3. No filter (r4=0); no aux sensor (r6=0); r3 credited for lightweight/edge-targeted design though no live onboard test.
P0338,C2,2025,DeepUKF-VIN: Adaptively-tuned Deep Unscented Kalman Filter for 3D Visual-Inertial Navigation based on IMU-Vision-Net,10.1016/j.eswa.2025.126656,True,papers/P0338.pdf,Y,Y,Y,1,1,0,1,0,0,3,INCLUDE,,"DeepUKF-VIN: DL-adaptive UKF covariance tuning for 3D VIN; R2+R4 high; T2 platform unclear (vehicle generic). ESWA 2025. INCLUDE. T1: 'A quaternion-based, adaptively-tuned Deep Learning Unscented Kalman Filter for 3D Visual-Inertial Navigation (DeepUKF-VIN) based on Deep Learning-based Adaptation Mechanism (DLAM) is formulated in discrete form' (p.2, Contributions)."
P0427,C2,2025,LSAF-LSTM-Based Self-Adaptive Multi-Sensor Fusion for Robust UAV State Estimation in Challenging Environments †,10.3390/machines13020130,True,papers/P0427.pdf,Y,Y,Y,1,1,1,1,1,1,6,INCLUDE,,Core adaptive (C2) learning-augmented covariance/weight adaptation with filter fusion; aux sensors LiDAR+GPS (r6). Eval also on non-aerial sequences but UAV is the platform/target -> T2 Y.
P0031,C2,2024,Position Uncertainty Reduction in Visual-Inertial Navigation Systems Using Multi-ML Error Compensation,10.33012/2024.19790,True,papers/P0031.pdf,Y,Y,Y,1,1,0,1,0,0,3,INCLUDE,,"Multi-ML hybrid VIO: GRU error compensators for GNSS-denied urban air mobility; hybrid with filter; ION GNSS+ 2024. INCLUDE. T1: 'this paper proposes a novel approach that combines multiple error compensators within VIO systems .. one GRU compensate for VO measurement errors by updating the ESKF filter, while another GRU compensate for model measurement errors' (p.3)."
P0417,C2,2024,Enhancing VIO Robustness Under Sudden Lighting Variation: A Learning-Based IMU Dead-Reckoning for UAV Localization,10.1109/lra.2024.3377950,True,papers/P0417.pdf,Y,Y,Y,0,1,1,1,0,0,3,INCLUDE,,"Learning-based IMU DR + LIEKF for UAV VIO under sudden lighting changes; tightly coupled; IEEE RA-L 2024. CORE. INCLUDE (T-1 borderline, second clause): the headline algorithm LIDR is inertial-only ('a learning-based dead-reckoning algorithm relying solely on inertial measurements'); the integration of an unmodified VIO with the paper's own learned inertial estimator is a stated contribution'."
P0216,C3,2022,Visual-Inertial Image-Odometry Network (VIIONet): A Gaussian process regression-based deep architecture proposal for UAV pose estimation,10.1016/j.measurement.2022.111030,True,papers/P0216.pdf,Y,Y,Y,1,0,0,0,1,0,2,INCLUDE,,VIIONet: Inception-v3+GPR+OF fusion for UAV pose; EuRoC+Gazebo; GPS-denied; outperforms SOTA.
P0349,C1,2022,HVIOnet: A deep learning based hybrid visual–inertial odometry approach for unmanned aerial system position estimation,10.1016/j.neunet.2022.09.001,True,papers/P0349.pdf,Y,Y,Y,1,0,0,0,0,0,1,INCLUDE,,"HVIOnet: CNN+LSTM hybrid VIO for UAS; GPS-denied; 3-step: visual feat + recurrent + pose regression; Neural Netw 2022. INCLUDE. T1: 'A hybrid architecture consisting of CNN and multiple BiLSTM layers is proposed to position the UAS .. The proposed end-to-end algorithm uses raw images and raw IMU' (p.4); novel three-network visual/inertial/fusion design, Sections 2.1-2.3 (pp.5-6)."
P0440,C3,2021,SupSLAM: A Robust Visual Inertial SLAM System Using SuperPoint for Unmanned Aerial Vehicles,10.1109/nics54270.2021.9701527,True,papers/P0440.pdf,Y,Y,Y,1,0,1,0,1,0,3,INCLUDE,,SupSLAM: SuperPoint deep features in stereo VI-SLAM for UAV; EuRoC+agriculture; efficient embedded.
P0099,C3,2020,Learning Pose Estimation for UAV Autonomous Navigation and Landing Using Visual-Inertial Sensor Data,10.23919/acc45564.2020.9147400,True,papers/P0099.pdf,Y,Y,Y,0,1,0,0,1,0,2,INCLUDE,,DNN VIO for UAV autonomous navigation & landing; EuRoC+AirSim; 25% improvement over baseline. R2 set to 1: paper is in an adaptive-strategy row.
P0279,C3,2019,Visual-inertial odometry for unmanned aerial vehicle using deep learning,10.2514/6.2019-1410,True,papers/P0279.pdf,Y,N,Y,1,1,0,0,1,0,3,EXCLUDE,T2,LSTM+OF VIO for UAV; eliminates calibration; real stereo flights; AIAA SciTech 2019. R2 re-derived from the extraction sheet (adaptive_online) and Table 10 membership: 1. T-2 N: the only validation is the KITTI ground-vehicle dataset. 'Section 3 shows the results based on a canonical KITTI data set' (p.2).
P0322,C2,2025,A new visual-inertial odometry scheme for unmanned systems in unified framework of zeroing neural networks,10.1016/j.neucom.2024.129017,True,papers/P0322.pdf,Y,Y,Y,0,1,0,1,1,0,3,INCLUDE,,"ZNN-unified VIO framework for UAV; zeroing neural networks for correlated sensor errors; novel formulation; 2025. INCLUDE. T1: 'a new method called Multi-State Constraint Kalman Filter with NearSAC (MSCKF-NearSAC), based on the MSCKF, is proposed .. Furthermore, the MSCKF-ZNN method is proposed for the back-end, and combines zeroing neural network (ZNN) .. and error state' (p.1)."
P0401,C7,2025,Low Latency Visual Inertial Odometry With On-Sensor Accelerated Optical Flow for Resource-Constrained UAVs,10.1109/jsen.2024.3406948,True,papers/P0401.pdf,Y,N,Y,1,0,1,0,1,0,3,EXCLUDE,T2,Front-end/feature-tracking acceleration for embedded UAV VIO; prior labeled C4 but it is not a survey/benchmark - reclassified C7. r2=0 (no online estimator adaptation). T-1 is satisfied: 'This work extends the feature-based and highly modular VINS-Mono implementation by replacing the feature tracker with the optical flow data calculated on the VD56G3 sensor' (p.3).
P0209,C1,2024,Localization through RGB-D Camera for the Quad-rotor,10.1109/icccnt61001.2024.10725903,True,papers/P0209.pdf,Y,N,Y,1,0,0,1,0,0,2,EXCLUDE,T2,"RGB-D + IMU localization for quadrotor using VO; Oak-D Pro + IMU; computational efficiency focus; conference 2024. EXCLUDE T2. T1 (borderline Y): the authors implement their own loosely coupled VIO, 'implementing an EKF algorithm to perform real-time sensor fusion using data from a depth camera and an IMU' with a 9-state vector (position, velocity, Euler angles), VO measurement h_VO and IMU measurement h_IMU (p.4-5)."
P0293,C7,2023,Fast and Robust Semidirect Monocular Visual-Inertial Odometry for UAV,10.1109/jsen.2023.3309907,True,papers/P0293.pdf,Y,Y,Y,1,1,1,0,1,0,4,INCLUDE,,"Semidirect monocular VIO for UAV: blends direct (speed) + feature (robustness) + edgelet tracking; real-time onboard; 2023. INCLUDE (T-1 satisfied under the first clause, not borderline; T-2 Y; T-3 Y)."
P0294,C1,2022,A cliquey subgraph approach to sparsified UAV visual inertial odometry by surjective Bayes-tree-to-factor-graph mapping,10.1016/j.ast.2021.107250,True,papers/P0294.pdf,Y,Y,Y,0,0,1,0,0,0,1,INCLUDE,,"Genuine VIO estimator/backend advance (C1). Aerial relevance via EuRoC MAV dataset and explicit UAV/ASIC motivation. Not adaptive/online and not GNSS-denied-specific, hence low relevance score despite high QA. Strong methodological rigor."
P0228,C4,2021,Accurate IMU Factor Using Switched Linear Systems for VIO,10.1109/tie.2020.3000097,True,papers/P0228.pdf,Y,Y,Y,1,0,1,0,0,0,2,INCLUDE,,Accurate IMU factor via switched linear systems; 22-38% ATE improvement vs VINS-Mono on EuRoC; IEEE TIE 2021.
P0026,C1,2021,Information sparsification for visual-inertial odometry by manipulating Bayes tree,10.1016/j.ast.2021.107065,True,papers/P0026.pdf,Y,Y,Y,0,1,1,0,0,0,2,INCLUDE,,"Strong VIO backend/estimator-efficiency contribution; UAV is target/data only (no GNSS-denied focus, no aux sensors). Prior tagged C4 but it is an estimator advance -> C1."
P0023,C4,2020,Stereo visual-inertial fusion for UAV state estimation,10.1016/j.ifacol.2020.12.2412,True,papers/P0023.pdf,Y,Y,Y,1,0,1,0,0,0,2,INCLUDE,,Stereo VIO extension of VINS-Mono for UAV; real-time on NUC; EuRoC MAV; competitive ATE; IFAC 2020.
P0089,C4,2018,Autonomous navigation of micro aerial vehicles using high-rate and low-cost sensors,10.1007/s10514-017-9690-5,True,papers/P0089.pdf,Y,Y,Y,1,0,1,1,1,1,5,INCLUDE,,Low-cost MAV VIO: OF smart camera + IMU + ToF; EKF/ESKF onboard real-time; GPS-denied autonomous flight. CORE. Auton Robots 2018.
P0329,C4,2017,Control-enabled observability in visual-inertial odometry,10.1109/icuas.2017.7991364,True,papers/P0329.pdf,N,Y,Y,1,0,0,1,0,0,2,EXCLUDE,T1,"Theoretical analysis of control inputs on VIO observability; proves observability conditions; Monte-Carlo for UAS; IFAC 2017. T-1 fails. The paper is an observability and estimator-sensitivity analysis: 'In this paper, we examine effects of controls on the VIO problem .. we prove observability properties for several VIO scenarios' (p.1, abstract)."
P0284,C1,2025,Quaternion-Based Unscented Kalman Filter for 6-DoF Vision-Based Inertial Navigation in GPS-Denied Regions,10.1109/tim.2024.3509582,True,papers/P0284.pdf,Y,Y,Y,1,0,0,1,0,0,2,INCLUDE,,"QNUKF: quaternion-based UKF for 6-DoF VIN in GPS-denied; novel nonlinear filter formulation; ESWA 2025. INCLUDE. T1: 'Novel geometric Quaternion-based Navigation Unscented Kalman Filter (QNUKF) is proposed on S3 x R3 x R3 in discrete form mimicking the true nonlinear navigation kinematics' with custom quaternion sigma-point/mean/correction operators, eqs. (45)-(46), (53)-(56), (66)-(67) (p.2, p.7-9)."
P0077,C6,2025,Research on Sensor Data Spatiotemporal Synchronization Technology for Onboard Visual Navigation Systems,10.1109/icpeca63937.2025.10928832,True,papers/P0077.pdf,N,N,N,0,0,0,0,1,0,1,EXCLUDE,T1,"Spatiotemporal synchronization tech for onboard multi-sensor VIO; UAV; addresses timing accuracy in VIO pipeline. 2025. EXCLUDE T1 (also fails T2 and T3): the VIO section (Sec. III.B, pp.3-4) restates the standard VINS-Mono pipeline without modification; the contribution is the synchronization hardware and timing method."
P0368,C4,2025,Sensitivity Analysis of a Visual Inertial Odometry-based Navigation System for UAV,10.1109/i2mtc62753.2025.11079197,True,papers/P0368.pdf,Y,Y,Y,1,0,0,0,1,1,3,INCLUDE,,"Sensitivity analysis of existing VIO framework; Monte Carlo evaluation. INCLUDE (T-1 borderline, second clause; simulation-only): no filter or optimisation back-end is proposed and the keypoint detectors are off-the-shelf (SIFT, SURF, FAST, Harris, MEF, ORB, semantic segmentation, Sec. III, p.2)."
P0083,C7,2024,Quick Initialization Method of Monocular VIO on MAV,10.1007/978-981-97-3336-1_22,False,,Y,Y,Y,1,0,1,0,0,0,2,INCLUDE,,Quick 2-stage VIO initialization for MAV using onboard sensors; improves init speed/accuracy; IEEE 2024.
P0133,C7,2024,A Method for Measuring the Error Rules in Visual Inertial Odometry Based on Scene Matching Corrections,10.3390/mi15111362,True,papers/P0133.pdf,N,Y,Y,1,0,0,1,1,1,4,EXCLUDE,T1,"Borderline T1: contributes a fusion/error-characterisation model rather than a VIO estimator advance; simulation-only, no real VIO. Low relevance, scene-matching front-end -> C7. EXCLUDE T1: there is no visual odometry, visual front-end, camera data or image processing in the paper."
P0277,C4,2023,Visual-Inertial Odometry Using High Flying Altitude Drone Datasets †,10.3390/drones7010036,True,papers/P0277.pdf,N,Y,Y,1,0,1,0,1,0,3,EXCLUDE,T1,VIO for high-altitude UAV: new stereo+IMU sensor suite + assessment for GNSS-backup positioning; Drones 2023.
P0341,C7,2022,Deployment of Reliable Visual Inertial Odometry Approaches for Unmanned Aerial Vehicles in Real-world Environment,10.1109/icuas54217.2022.9836067,True,papers/P0341.pdf,Y,Y,Y,1,0,1,0,0,1,3,INCLUDE,,Deployment & reliability analysis of VIO methods for UAVs; identifies failure conditions + compensations; ICUAS 2022. R6 re-derived from the recoded aux_sensors column: 1.
P0030,C7,2021,Run Your Visual-Inertial Odometry on NVIDIA Jetson: Benchmark Tests on a Micro Aerial Vehicle,10.1109/lra.2021.3075141,True,papers/P0030.pdf,N,Y,Y,1,0,1,0,0,0,2,EXCLUDE,T1,Pure benchmark: compares VINS-Mono/Fusion/ROVIO/ORB-SLAM2 on Jetson boards; new KAIST dataset only; RA-L 2021.
P0455,C7,2021,UAV state and parameter estimation in wind using calibration trajectories optimized for observability,10.23919/acc50511.2021.9482853,True,papers/P0455.pdf,N,Y,Y,1,1,1,1,0,0,4,EXCLUDE,T1,"UAV online state+param+wind estimation via sqrt-UKF (23 states); observability-based calibration trajectories; RA-L 2021. CORE. T-1 borderline, retained: VIO measurements feed a new UKF that jointly estimates vehicle state, wind and aerodynamic parameters (process-model contribution; amended T-1 wording, protocol §6). T-1 fails, and the earlier note."
P0535,C7,2021,LSTM and Filter Based Comparison Analysis for Indoor Global Localization in UAVs,10.1109/access.2021.3049896,True,papers/P0535.pdf,Y,Y,Y,1,0,1,0,1,0,3,INCLUDE,,Novel LSTM+IMU vs filter-based indoor UAV localization; convNet+bidir-LSTM architecture; real drone; IEEE Access 2021.
P0304,C7,2020,Analysis on the performance of VIO according to Trajectory Planning of UAV,10.23919/iccas50221.2020.9268220,True,papers/P0304.pdf,N,Y,Y,1,0,1,0,0,0,2,EXCLUDE,T1,"Analysis of VIO performance vs trajectory polynomial order; evaluation only, no new VIO algorithm; ICCAS 2020."
P0124,C7,2020,Latency compensated visual-inertial odometry for agile autonomous flight,10.3390/s20082209,True,papers/P0124.pdf,Y,Y,Y,1,1,0,1,0,0,3,INCLUDE,,Latency-compensated EKF-VIO: online temporal calibration for sensor time delays; agile UAV; Sensors 2020.
P0104,C7,2019,Comparison of Visual Inertial Odometry using FlightGoggles Simulator for UAV,10.23919/iccas47443.2019.8971738,True,papers/P0104.pdf,N,Y,Y,1,0,1,0,0,0,2,EXCLUDE,T1,Pure comparison: ORB-SLAM2 vs VINS-Mono vs ROVIO on FlightGoggles; no new algorithm; ICCAS 2019.
P0108,C7,2019,Visual Inertial Navigation for a Small UAV Using Sparse and Dense Optical Flow,10.1109/reduas47371.2019.8999672,True,papers/P0108.pdf,Y,Y,Y,1,0,0,1,1,0,3,INCLUDE,,Dense+sparse OF fused in EKF for GNSS-denied small UAV VINS; novelty: dense OF for velocity in EKF; IROS 2019.
P0545,C7,2018,Encoderless Gimbal Calibration of Dynamic Multi-Camera Clusters,10.1109/icra.2018.8462920,True,papers/P0545.pdf,Y,Y,Y,0,1,1,0,0,0,2,INCLUDE,,"Encoderless gimbal calibration for dynamic multi-camera UAV; online joint-angle estimation + OKVIS integration; IROS 2018. R2 re-derived from the extraction sheet (adaptive_online) and Table 10 membership: 1. T-1 = Y under the first clause, so no borderline marking is needed. The paper names a VIO extension as one of its two main contributions: 'In this work, we present two main contributions.'."
P0315,C7,2017,Direct feature correspondence in vision-aided inertial navigation for unmanned aerial vehicles,10.1109/icuas.2017.7991446,True,papers/P0315.pdf,Y,Y,Y,1,0,0,1,1,0,3,INCLUDE,,Direct photometric feature correspondence (no explicit extraction) in EKF-VIO for UAVs; improved feature tracking. ION 2017.
P0252,C7,2015,Employing smartphone as on-board navigator in unmanned aerial vehicles: Implementation and experiments,10.1108/ir-01-2015-0016,True,papers/P0252.pdf,N,Y,Y,1,0,0,0,0,0,1,EXCLUDE,T1,Smartphone as UAV VIO navigator; applies existing phone sensors/algorithms; implementation study; Ind Robot 2015.
P0106,C5,2026,Indoor UAV navigation using event cameras and intermediate frame reconstruction,10.1016/j.cviu.2026.104650,True,papers/P0106.pdf,Y,Y,Y,1,0,1,1,1,0,4,INCLUDE,,"Event-camera modality VIO -> C5. Front-end (reconstruction + noise mitigation + CPU/GPU integration) is the methodological contribution, so T1 passes despite using OpenVINS/MSCKF off-the-shelf. r4=1 (MSCKF), r6=1 (event camera aux modality), r2=0 (no online adaptivity). R6 re-derived from the recoded aux_sensors column: 0. T-1 is satisfied and the exclusion sentence does not apply."
P0214,C5,2025,Multimodal Visual Navigation of Unmanned Aerial Vehicles Using Satellite Maps and Thermal Imaging Cameras,10.3103/s106879982504004x,True,papers/P0214.pdf,Y,Y,Y,1,0,0,1,1,1,4,EXCLUDE,EXC-9,"ThermalGen cross-modal + LWIR camera VIO with EKF; absolute+relative visual nav for UAV day/night; Russian Aero 2025. EXC-9 withdrawn (no methodological basis); retained on T-1/T-2/T-3 as originally assessed. R6 re-derived from the recoded aux_sensors column: 1. EXC-9 applied (Resolution of the Verkhovna Rada of Ukraine, rada.gov.ua/news/razom/230916.html)."
P0226,C5,2025,Uncrewed system localization using deliberate thermal features,10.1117/12.3053910,True,papers/P0226.pdf,N,?,Y,1,0,0,0,1,0,2,EXCLUDE,T1,"Deliberate thermal fiducials for TIO; UAS equipped but proof-of-concept on UGV; GNSS-denied degraded env. 2025. T-1 N: no VIO algorithm, measurement model, weighting or integration is presented. The proposed method is a thermal-marker detector with pinhole/IFOV geometry and no inertial component: 'applies a defined threshold to detect the thermal markers ..'."
P0118,C5,2025,Event-Based Visual/Inertial Odometry for UAV Indoor Navigation,10.3390/s25010061,True,papers/P0118.pdf,Y,Y,Y,1,1,0,0,1,0,3,INCLUDE,,Adaptive event-VIO with adaptive thresholding; GNSS-denied indoor UAV; IEEE RA-L 2025. CORE. INCLUDE. T1: 'an event-based visual-inertial odometry algorithm for event cameras is proposed .. features are detected on the standard frame images .. tracked on intermediate frames accumulated from events till the next standard frame .. fused with IMU measurements .. using nonlinear optimization' (p.3).
P0188,C5,2022,REVIO: Range- and Event-Based Visual-Inertial Odometry for Bio-Inspired Sensors,10.3390/biomimetics7040169,True,papers/P0188.pdf,Y,Y,Y,1,0,1,0,1,1,4,INCLUDE,,"Alternative-modality (event + range) VIO architecture (C5); optimization-based so r4=0; no explicit online adaptivity so r2=0. INCLUDE, targeted."
P0481,C5,2022,Data-Efficient Collaborative Decentralized Thermal-Inertial Odometry,10.1109/lra.2022.3194675,True,papers/P0481.pdf,Y,Y,Y,1,1,1,1,1,1,6,INCLUDE,,"Thermal aux-modality + collaborative filter fusion (C5) but high relevance: GPS-denied, adaptive calibration, real-time onboard-grade, EKF/MSCKF, thermal front-end. QA5=0.5 (UAV-VIO vs prior articulated but framed around collaborative/space, less direct VIO benchmarking)."
P0383,C5,2020,Perception in the dark—development of a ToF visual inertial odometry system,10.3390/s20051263,True,papers/P0383.pdf,Y,Y,Y,1,1,1,1,1,0,5,INCLUDE,,ToF-VIO: ICP + ESKF + salient point selection; real UAV flights in dark GNSS-denied; Sensors 2020. CORE. R2 set to 1: paper is in an adaptive-strategy row.
P0336,C5,2019,Robust thermal-inertial localization for aerial robots: A case for direct methods,10.1109/icuas.2019.8798279,True,papers/P0336.pdf,Y,Y,Y,1,0,0,1,1,0,3,INCLUDE,,Thermal-inertial localization direct methods for aerial robots; modified filter estimator; GPS-denied dark environments; ICRA 2019.
P0393,C5,2019,Laser-aided Infrared Visual Inertial Odometry for Unmanned Aerial Vehicle with Multi-plane Constraint,10.1109/icarm.2018.8610740,True,papers/P0393.pdf,Y,Y,Y,1,1,0,1,1,1,5,INCLUDE,,IR VIO + laser scale + multi-plane constraint + EKF for UAV; GPS-down/night operation; ICUAS 2019. CORE. R2 set to 1: paper is in an adaptive-strategy row.
P0223,C6,2026,Kinematically-Constrained Joint Pose Estimation of a UAS and Non-Cooperative Moving Platform,10.2514/6.2026-2173,False,,Y,Y,Y,1,0,0,0,1,0,2,INCLUDE,,KC-VIO: kinematically-constrained VIO for UAS + non-cooperative moving target in GPS-denied env. 2026.
P0068,C6,2026,A Localization Strategy for Low-cost UAVs Sewers Inspection,10.1109/sii64115.2026.11404663,False,,Y,Y,Y,1,0,1,0,0,0,2,INCLUDE,,VIO for sewer inspection drone; addresses featureless confined GNSS-denied environment; 2026.
P0363,C6,2026,Autonomous Localization and Navigation for Drones Over Rivers,10.1109/access.2025.3650454,True,papers/P0363.pdf,Y,Y,Y,1,1,0,0,1,1,4,INCLUDE,,Novel VIO for UAV over rivers; addresses dynamic water surface features; GPS-denied; 2026. R2 re-derived from the extraction sheet (adaptive_online) and Table 10 membership: 1. R6 re-derived from the recoded aux_sensors column: 1.
P0139,C6,2026,Efficient SLAM Algorithm Based on Quaternions for Real-Time Navigation of Unmanned Aerial Vehicles,10.1002/ett.70386,False,,Y,Y,Y,1,0,1,0,0,0,2,INCLUDE,,Efficient quaternion-based SLAM for real-time GPS-denied UAV navigation; novel quaternion formulation; 2026.
P0206,C6,2026,NaviLoc: Trajectory-Level Visual Localization for GNSS-Denied UAV Navigation,10.3390/drones10020097,True,papers/P0206.pdf,N,Y,Y,1,1,1,0,1,0,4,EXCLUDE,T1,NaviLoc: training-free GNSS-denied aerial-to-satellite localization; trajectory-level image matching + VIO; 2026.
P0438,C6,2026,A Multi-Sensor Fusion Framework for Unmanned Aerial Vehicle (UAV) Navigation and Inspection in GPS-Denied and Degraded Environments,10.1109/apscon68325.2026.11497125,True,papers/P0438.pdf,N,Y,N,1,0,0,1,0,0,2,EXCLUDE,T1,Multi-sensor fusion for GPS-denied UAV; addresses indoor GPS degradation; novel fusion framework; 2026. EXCLUDE T1. T1: VIO is off-the-shelf: 'the framework employs VSLAM using RTAB-Map for real-time 3D point cloud generation and feature tracking. An Extended Kalman Filter (EKF) is used to fuse Inertial Measurement Unit (IMU) data with visual odometry' (p.2); the EKF is presented only as textbook predict/gain/upd
P0632,C6,2026,Flying Co-Stereo: Enabling Long-Range Aerial Dense Mapping via Collaborative Stereo Vision of Dynamic-Baseline,10.1109/tro.2026.3658293,True,papers/P0632.pdf,Y,Y,Y,0,1,1,0,1,1,4,INCLUDE,,"Flying Co-Stereo: collaborative UAV swarm stereo for long-range dense mapping; novel cooperative depth; 2026. INCLUDE (T-1 borderline, second clause; note: the ego-motion VIO is off-the-shelf OpenVINS and that the contributed estimator estimates the inter-UAV relative pose)"
P0239,C6,2025,ESLS: A Vision-Based Emergency Safe Landing System for UAVs,10.1016/j.procs.2025.10.206,True,papers/P0239.pdf,N,Y,Y,1,0,1,0,1,1,4,EXCLUDE,T1,"Emergency safe landing planning system; VIO used for state estimation, not the contribution."
P0265,C6,2025,Research on High-Precision 3D Positioning and Map Construction Technology of Unmanned Aerial Vehicles in GIS Environment of Substations,10.1109/ccnis69465.2025.00010,True,papers/P0265.pdf,N,Y,N,1,1,0,1,1,1,5,EXCLUDE,T1,"GIS+VIO for UAV substation mapping; deployment of existing VIO technology; no algorithmic contribution. EXCLUDE T1. T1: system-description paper with only generic, unspecified estimator components: 'multiple sensor information, including GPS, inertial measurement unit (IMU), visual SLAM, lidar, etc., is adopted for information fusion. The Kalman filter is expanded to achieve attitude calculation' (p.1); 'employs"
P0290,C6,2025,Research on multi-sensor fusion navigation methods for aerial power operation drones,10.1049/icp.2025.2798,False,,Y,Y,Y,0,0,0,0,0,1,1,INCLUDE,,Vision-centric multi-sensor fusion for power system aerial operations; robust fusion framework; 2025.
P0292,C6,2025,Bridge Geometric Shape Measurement Using LiDAR–Camera Fusion Mapping and Learning-Based Segmentation Method,10.3390/buildings15091458,True,papers/P0292.pdf,N,Y,Y,0,0,1,0,1,1,3,EXCLUDE,T1,"Bridge shape measurement with LiDAR-camera fusion; surveying application, not VIO algorithm."
P0313,C6,2025,Development of an Algorithm for Absolute Visual-Inertial Navigation of Unmanned Aerial Vehicles,10.3103/s1068799825020217,True,papers/P0313.pdf,Y,Y,Y,1,0,0,0,1,1,3,EXCLUDE,EXC-9,"Absolute VIO navigation algorithm using satellite maps with seasonal change handling; GPS-absent UAV; 2025. EXC-9 withdrawn (no methodological basis); retained on T-1/T-2/T-3 as originally assessed. T-1 borderline, retained: absolute visual fix with INS attitude correction feeding the autopilot EKF is a new measurement-model contribution (amended T-1 wording, protocol §6)."
P0096,C6,2025,Train of Autonomous Aerial Vehicles for Subterranean Exploration with SLAM Capabilities,10.2514/6.2025-2067,False,,N,Y,Y,1,0,0,0,0,0,,EXCLUDE,T1,Cave/lava tube exploration with existing VIO+ToF; VIO used unmodified; system integration only.
P0143,C6,2025,An Autonomous Multimodal System for Intelligent Railway Inspection,10.36001/phmconf.2025.v17i1.4319,True,papers/P0143.pdf,N,Y,N,0,0,0,0,0,0,0,EXCLUDE,T1,Railway inspection with GPS+depth camera+VIO; application system; no novel VIO algorithm.
P0388,C7,2025,Toward Aerial Collaborative Stereo: Real-Time Cross-Camera Feature Association and Relative Pose Estimation for UAVs,10.1109/jsen.2025.3532699,True,papers/P0388.pdf,N,Y,Y,1,0,1,1,1,0,4,EXCLUDE,T1,Aerial collaborative stereo with real-time cross-camera feature association for UAV swarm; IEEE 2025. EXCLUDE (T1). The UAV's own VIO is off-the-shelf and unmodified: 'The VIO part adopts OpenVINS [29] to estimate the local odometry of the UAV' (p.5 = journal p.9865). The contributions are a cross-camera feature-association front-end ('we pro
P0414,C1,2025,A tightly-coupled dense monocular Visual-Inertial Odometry system with lightweight depth estimation network,10.1016/j.asoc.2025.112809,True,papers/P0414.pdf,Y,Y,Y,0,1,1,0,1,0,3,INCLUDE,,"Genuine dense-VIO estimator advance with adaptive depth modules; EuRoC = aerial. Prior C6 too low - this is C1 (general VIO estimator advance) with adaptive elements. GPU (RTX2080) eval, not onboard, but real-time -> r3=1."
P0589,C6,2025,A Quadrotor Autonomous System for Warehouse Inspection: An Integrated Approach of Perception-Control-Planning,10.1109/peeec67807.2025.00048,True,papers/P0589.pdf,N,Y,N,1,1,0,0,0,1,3,EXCLUDE,T1,"Warehouse inspection: lightweight VIO-SLAM + UWB + structural priors; novel enhanced pipeline; 2025. EXCLUDE T1 (also fails T3): the VIO is a generic textbook recipe with no stated modification or novelty ('We adopt a tightly coupled, keyframe-based VIO framework that fuses IMU measurements with monocular/stereo visual observations', p.2; IMU preintegration + reprojection residuals + BoW loop closure, p.2)."
P0229,C6,2024,Visual Inertial Navigation Optimization Method Based on Landmark Recognition,10.1007/978-981-97-0885-7_18,False,,Y,Y,Y,1,0,0,0,1,0,2,INCLUDE,,VIO with landmark recognition for improved localization in texture-poor/light-change environments; 2024.
P0020,C6,2024,Development of Unmanned Aerial Vehicle Navigation and Warehouse Inventory System Based on Reinforcement Learning,10.3390/drones8060220,True,papers/P0020.pdf,N,Y,N,1,0,0,0,0,1,2,EXCLUDE,T1,Warehouse inventory with UAV using barcodes/markers; navigation application; VIO not the contribution.
P0257,C6,2024,SBC-SLAM: Semantic Bioinspired Collaborative SLAM for Large-Scale Environment Perception of Heterogeneous Systems,10.1109/tim.2024.3385825,True,papers/P0257.pdf,N,Y,Y,0,0,1,0,0,0,1,EXCLUDE,T1,"SBC-SLAM: semantic bioinspired collaborative SLAM for UAV/UGV large-scale environments; 2024. EXCLUDE (T1). T-1 fails. The VIO is consumed unmodified as a pose source: 'The 6DoF pose of the robot, represented as (x, y, z, roll, pit"
P0268,C6,2024,An Improved Image Stitching Method Based on Vision-Inertial Fusion,10.1109/i2mtc60896.2024.10560768,True,papers/P0268.pdf,N,Y,N,0,0,0,0,1,0,1,EXCLUDE,T1,"Image stitching method using VI fusion; contribution is stitching algorithm, not VIO; 2024. EXCLUDE T1 (also fails T3): ORB-SLAM3 is used unmodified as the visual-inertial pose source; the contribution is the stitching algorithm."
P0272,C6,2024,Autonomous GPU-based UAS for inspection of confined spaces: Application to marine vessel classification,10.1016/j.robot.2023.104590,True,papers/P0272.pdf,N,Y,Y,1,0,1,1,0,1,4,EXCLUDE,T1,GPU-based UAS inspection of confined spaces; autonomous system using existing VIO; application paper.
P0055,C3,2024,Getting Started with a Simple Visual-Inertial Odometry,10.1109/rem63063.2024.10735689,True,papers/P0055.pdf,Y,Y,Y,0,1,0,0,1,0,2,INCLUDE,,"Simple VIO for drone navigation (beginner's algorithm); educational paper. INCLUDE: the abstract-stage pre-assessment had recorded t1 = N ('educational paper; no novel VIO contribution'); the full text presents its own VIO pipeline (first clause of T-1) with a quantitative flight evaluation, T-1/T-2/T-3 = Y/Y/Y. R2 set to 1: paper is in an adaptive-strategy row."
P0070,C1,2024,"Localization, Planning, and Control of a UAV for Rapid Complete Coverage Bridge Inspection in Large-Scale Intermittent GPS Environments",10.1109/tcst.2024.3366695,True,papers/P0070.pdf,Y,Y,Y,1,1,1,0,0,1,4,INCLUDE,,"UAV visual inspection with intermittent GPS: adaptive localization switching; drift-free in GPS-denied; 2024. INCLUDE (T-1 borderline, second clause). confirmed against the full text and the PDF (Table II is an image in the text dump; rendered from papers/P0070.pdf p.8 to read the numbers)."
P0072,C7,2024,A monocular inertial UAV SLAM algorithm leveraging feature clustering,10.1109/ihmsc62065.2024.00020,True,papers/P0072.pdf,Y,Y,Y,0,1,0,0,1,0,2,INCLUDE,,Monocular inertial UAV SLAM with feature clustering for power grid inspection; novel feature method; 2024. INCLUDE (T-1 first clause).
P0302,C7,2024,Loop Detection Method Based on Neural Radiance Field BoW Model for Visual Inertial Navigation of UAVs,10.3390/rs16163038,True,papers/P0302.pdf,Y,Y,Y,0,1,1,0,1,0,3,INCLUDE,,Front-end/loop-closure method (C7) improving VINS back-end accuracy; algorithmic contribution to VINS pipeline. Aerial via EuRoC and explicit small-UAV target. Adaptive dynamic weighting -> r2=1. Real-time questionable (600ms NeRF) but runtime reported and pipeline targeted o
P0355,C6,2024,Research on UAV autonomous positioning system for system engineering; [面向系统工程的无人机自主定位系统研究],10.11996/jg.j.2095-302x.2024020363,True,papers/P0355.pdf,N,Y,Y,0,0,1,0,1,0,2,EXCLUDE,T1,UAV positioning system engineering study; system design with existing algorithms; no novel VIO.
P0370,C6,2024,Research on UAV-Based Mars Topography Mapping and 3D Reconstruction System,10.1007/978-981-97-2116-0_43,False,,Y,Y,Y,1,0,1,0,0,1,3,INCLUDE,,UAV-based Mars topography mapping with onboard range-VIO; GPS-absent planetary navigation; 2024.
P0392,C6,2024,Rapid Initialization Method of Unmanned Aerial Vehicle Swarm Based on VIO-UWB in Satellite Denial Environment,10.3390/drones8070339,True,papers/P0392.pdf,N,Y,Y,1,0,0,0,0,1,2,EXCLUDE,T1,UAV swarm initialization using camera+VIO; swarm management system; VIO applied unchanged.
P0396,C6,2024,Cascade-structured Visual-Inertial Navigation System for Aerial Imaginary,10.33012/2024.19636,False,,Y,Y,Y,1,0,0,0,1,0,2,INCLUDE,,Cascade-structured VINS for aerial imaging; robust GPS alternative; novel cascade architecture; 2024.
P0403,C6,2024,Research on Unmanned Aerial Vehicle (UAV) Visual Landing Guidance and Positioning Algorithms,10.3390/drones8060257,True,papers/P0403.pdf,Y,Y,Y,0,1,1,1,1,1,5,INCLUDE,,"DL runway detection + IMU fusion for UAV visual landing; coarse-fine position approach; 2024. T-1 is satisfied of the T-1 definition under the second clause (and arguably the first), so the keep rule applies."
P0195,C6,2024,Active Heading Planning for Improving Visual-Inertial Odometry,10.1109/icuas60882.2024.10556967,True,papers/P0195.pdf,N,Y,Y,1,1,0,1,1,0,4,EXCLUDE,T1,"Active heading planning to improve VIO observability; adaptive motion control for GPS-denied UAV; 2024. EXCLUDE T1. T1: contribution is a heading planner that steers the UAV, not the estimator: 'we introduce a novel path-planning method called active heading planning' (p.1); 'For VIO-based navigation, we use the OpenVINS [11] framework' (p.5), used unmodified; planner 'runs on a separate thread ..'."
P0196,C6,2024,"AIVIO: Closed-Loop, Object-Relative Navigation of UAVs With AI-Aided Visual Inertial Odometry",10.1109/lra.2024.3479713,True,papers/P0196.pdf,Y,Y,Y,1,1,0,0,1,1,4,INCLUDE,,AIVIO: AI-aided VIO for object-relative UAV navigation; DL semantic + VIO tightly coupled; 2024. R6 re-derived from the recoded aux_sensors column: 1. T-1 satisfied.
P0663,C6,2024,$D^{2}$SLAM: Decentralized and Distributed Collaborative Visual-Inertial SLAM System for Aerial Swarm,10.1109/tro.2024.3422003,True,papers/P0663.pdf,Y,Y,Y,0,1,1,0,1,0,3,INCLUDE,,"D²SLAM: decentralized + distributed collaborative VI-SLAM for aerial swarms; accurate relative loc; IEEE 2024. INCLUDE (T-1 first clause, not borderline: D2VINS is a new tightly coupled distributed VIO estimator). T-1 (first clause): 'We introduce D2VINS, a distributed visual-inertial state estimator for multirobot systems utilizing the ADMM approach.'."
P0021,C6,2023,Visual-inertial-actuator odometry for multirotor UAVs with rotor drag and external disturbance,10.1007/s40435-023-01357-5,True,papers/P0021.pdf,Y,Y,Y,1,0,0,1,0,1,3,INCLUDE,,VIAO: Visual-Inertial-Actuator Odometry with rotor drag model for MAV; EKF with actuation data; IEEE ICRA 2023. R6 re-derived from the recoded aux_sensors column: 1.
P0035,C6,2023,Lidar-VIO Based Mapping of Elevator Shaft with UAV for Verification of Spatial Dimensions,10.1109/ceege58447.2023.10246629,False,,N,Y,N,0,0,0,0,0,0,,EXCLUDE,T1,LiDAR-VIO elevator shaft inspection; application paper; VIO and LiDAR both off-the-shelf.
P0266,C6,2023,Precision Landing of a Quadcopter Drone by Smartphone Video Guidance Sensor in a GPS-Denied Environment,10.3390/s23041934,True,papers/P0266.pdf,N,Y,Y,1,0,1,1,0,1,4,EXCLUDE,T1,Precision landing via smartphone SVGS sensor; landing guidance system; no VIO algorithm.
P0053,C6,2023,Vision-guided unmanned aerial system for rapid multiple-type damage detection and localization,10.1177/14759217221084878,True,papers/P0053.pdf,N,Y,N,1,0,1,1,0,1,4,EXCLUDE,T1,Vision-guided UAS for bridge crack detection; damage detection CNN; VIO state estimation is secondary.
P0282,C6,2023,MONO-HYDRA: REAL-TIME 3D SCENE GRAPH CONSTRUCTION FROM MONOCULAR CAMERA INPUT WITH IMU,10.5194/isprs-annals-x-1-w1-2023-439-2023,True,papers/P0282.pdf,N,Y,Y,1,1,0,0,1,0,3,EXCLUDE,T1,"MONO-HYDRA: 3D scene graph from monocular VI system; GNSS-denied robot spatial understanding; 2023. R2 re-derived from the extraction sheet (adaptive_online) and Table 10 membership: 1. T-1 fails. The VIO is R-VIO2 taken as is: 'monocular image sequences and IMU-based RVIO2 (Huai & Huang, 2022) framework are modified to interface with the Hydra framework' (p.3, Sec. 3.2)."
P0191,C6,2023,Real-Time UAV 3D Image Point Clouds Mapping,10.5194/isprs-annals-x-1-w1-2023-1097-2023,True,papers/P0191.pdf,N,Y,N,0,0,0,0,0,0,0,EXCLUDE,T1,UAV 3D point cloud mapping with DJI M300; mapping application using existing GNSS+VIO; no novel VIO.
P0197,C7,2023,UAV navigation in large-scale GPS-denied bridge environments using fiducial marker-corrected stereo visual-inertial localisation,10.1016/j.autcon.2023.105139,True,papers/P0197.pdf,Y,Y,Y,1,1,1,0,1,1,5,INCLUDE,,Override prior EXCLUDE: full text shows a genuine optimised SVIO front-end contribution (T1=Y) and quantitative RMSE results (T3=Y) on real UAV bridge flights. C7 front-end/feature method with fiducial-marker global correction.
P0204,C6,2023,Gateway Crossing Method for Unmanned Aerial Vehicles Based on Lightweight Corner-Assisted Localization and Visual-Inertial Navigation,10.1109/mlccim60412.2023.00032,False,,Y,Y,Y,1,0,0,0,1,0,2,INCLUDE,,Lightweight gateway crossing for micro-UAVs: corner features + VIO for gateway navigation; 2023.
P0429,C6,2023,Design and Implementation of Indoor Visual Autonomous Navigation System for Quadrotor UAV Based on Binocular Camera and IMU,10.1109/cei60616.2023.10527790,True,papers/P0429.pdf,N,Y,Y,1,0,1,0,0,0,2,EXCLUDE,T1,"Indoor VI autonomous navigation with binocular+IMU; addresses visual-inertial structural differences; 2023. EXCLUDE (T1). The abstract's one sentence that gestures at VIO novelty, 'This approach overcomes the structural differences between visual and inertial information, integrating them effectively' (p.1), is never"
P0450,C6,2023,Design and Implementation of Tennis Ball Boy Robot Based on a Quadrotor UAV,10.1109/cacre58689.2023.10208124,True,papers/P0450.pdf,N,Y,N,1,0,1,0,0,0,2,EXCLUDE,T1,"Tennis ball boy robot with UAV; hobby robotics application; standard VIO + computer vision. EXCLUDE (T1; also fails T3). T-1 fails. First clause: the VIO is VINS-Fusion applied unmodified inside an application pipeline, which is the protocol's own example of failure: 'The overall framewo"
P0300,C6,2022,CDSFusion: Dense Semantic SLAM for Indoor Environment Using CPU Computing,10.3390/rs14040979,True,papers/P0300.pdf,Y,Y,Y,0,0,1,0,1,0,2,INCLUDE,,"VIO modified (depth-augmented VINS-Mono + FAST features) so T1 passes; framed explicitly as UAV navigation application so T2 passes, though all validation is handheld/wheeled and aerial onboard is future work. System-integration paper (C6). r6=1 for RGBD depth (auxiliary moda R6 re-derived from the recoded aux_sensors column: 0."
P0080,C6,2022,Visual-inertial positioning method based on priori feature map matching constraints; [基于先验特征地图匹配约束的视觉/惯性定位方法],10.13695/j.cnki.12-1222/o3.2022.01.007,True,papers/P0080.pdf,Y,Y,Y,1,0,0,0,1,0,2,EXCLUDE,INC-4,"VIO with prior feature map matching; handles cumulative error + feature loss via prior map; 2022. papers/P0080.pdf on disk is a different paper (DOI 10.1109/VTC2022-Spring54318.2022.9860881); INC-4 decision rests on the record (Chinese-language journal), not on this file. papers/P0080.pdf is a different paper (VTC 2022 edge offloading)."
P0125,C6,2022,A Localization and Trajectory Planning Method for UAVs with Visual-Inertial Odometry,10.1109/aim52237.2022.9863253,True,papers/P0125.pdf,N,Y,N,0,0,0,0,0,0,0,EXCLUDE,T1,"Localization+trajectory planning system for GPS-denied UAV; planning contribution, not VIO algorithm."
P0375,C6,2022,Virtual Reality Aided High-Quality 3D Reconstruction by Remote Drones,10.1145/3458930,True,papers/P0375.pdf,N,Y,Y,0,0,1,0,0,0,1,EXCLUDE,T1,VR-aided 3D reconstruction by drones; deep learning reconstruction; VIO used for positioning only.
P0378,C6,2022,C2VIR-SLAM: Centralized Collaborative Visual-Inertial-Range Simultaneous Localization and Mapping,10.3390/drones6110312,True,papers/P0378.pdf,Y,Y,Y,0,1,1,0,0,1,3,INCLUDE,,"C2VIR-SLAM: centralized collaborative VI+range SLAM for multi-robot rescue/agriculture; 2022. The first clause of T-1 fails: 'We adopt VINS-Mono [11] to estimate the motion of each agent .. For more technical details, please refer to VINS-Mono [11]' (pp.5-6). The second clause is met on the text: the paper presents a multi-sensor state estimator, the server-side collaborative pose graph of Eq."
P0398,C6,2022,Improving UAV Localization Accuracy by Tracking Visual Features in a Georeferenced Map,10.1007/978-981-16-9492-9_308,False,,Y,Y,Y,1,0,0,0,1,0,2,INCLUDE,,Improved UAV localization via feature tracking in global map; reduces VIO drift; 2022.
P0405,C6,2022,Autonomous Customized Quadrotor With Vision-Aided Navigation For Indoor Flight Challenges,10.1109/icmre54455.2022.9734105,True,papers/P0405.pdf,N,Y,N,0,0,0,0,0,0,0,EXCLUDE,T1,Student competition quadrotor with vision-aided nav; implementation project; no novel VIO contribution.
P0406,C6,2022,Structure Priors Aided Visual-Inertial Navigation in Building Inspection Tasks with Auxiliary Line Features,10.1109/taes.2022.3142663,True,papers/P0406.pdf,Y,Y,Y,1,1,1,0,1,0,4,INCLUDE,,Structure priors + line features VIO for building inspection; 2022. PDF located (papers/P0406.pdf); the record had been mis-logged as EXC-8.
P0185,C6,2022,Perception-Aware Receding Horizon Trajectory Planning for Multicopters With Visual-Inertial Odometry,10.1109/access.2022.3200342,True,papers/P0185.pdf,N,Y,N,0,0,0,0,0,0,0,EXCLUDE,T1,"Perception-aware trajectory planner for VIO; motion planning contribution, not VIO algorithm itself."
P0424,C6,2022,A Novel Relocating Recognition Algorithm in Overlapping Region for Multi-UAVs Cluster,10.1109/icus55513.2022.9986862,True,papers/P0424.pdf,N,Y,Y,0,0,1,0,0,0,1,EXCLUDE,T1,"Novel relocation recognition algorithm for multi-UAV distributed SLAM; overlapping region; 2022. EXCLUDE T1. T1: the VIO block (Sec. II.A) restates VINS-Mono unchanged - 'the real-time mapping algorithm based on the VINS-MONO SLAM algorithm' (p.5); initialisation, tightly-coupled sliding window with marginalisation, and 'DBow2' loop detection/relocation are described exactly as in [20] with no modification"
P0645,C6,2022,Enforcing Vision-Based Localization using Perception Constrained N-MPC for Multi-Rotor Aerial Vehicles,10.1109/iros47612.2022.9981643,True,papers/P0645.pdf,N,Y,N,0,1,1,1,0,0,3,EXCLUDE,T1,"N-MPC for perception-constrained UAV; control-level contribution to support VIO; not VIO algorithm. EXCLUDE T1. T1 (N): main contribution is a controller, not an estimator: 'Our main contribution is a N-MPC formulation that extends the various perception-related constraints and objectives' (p.3)."
P0010,C6,2021,An Autonomous Visual-Inertial-Based Navigation System for Quadrotor,10.1007/978-981-15-8458-9_43,True,papers/P0010.pdf,N,Y,N,0,0,0,0,0,0,0,EXCLUDE,T1,"Autonomous VI navigation system for quadrotor; system integration using VINS-Mono; no novel VIO. Correct PDF (Zhao et al., LNEE 2021) obtained; the file previously on record was a different paper. Full-text triage on the correct document: EXCLUDE T1 (VINS-Mono used unmodified inside a navigation system; only GFTT corner selection changed) and T3 (no numeric accuracy metric); t3 set to N."
P0225,C3,2021,Loose Coupled Initialization Method for Visual Inertial Navigation in Outdoor Low Altitude Flight Environment,10.1109/icrae53653.2021.9657780,True,papers/P0225.pdf,Y,Y,Y,0,1,1,0,1,0,3,INCLUDE,,"Loose-coupled VIO initialization for outdoor low-altitude UAV; novel dynamic environment init; 2021. INCLUDE. T1: 'a loose coupled inertial navigation system initialization method is proposed aided by visual information. First, the feature points are segmented into sky end and ground end at the vision front end .. camera poses and the re-integration of acceleration and angular velocity measurements are ali"
P0019,C6,2021,Dense 3D-reconstruction from monocular image sequences for computationally constrained UAS,10.1109/wacv48630.2021.00186,True,papers/P0019.pdf,N,Y,N,0,0,0,0,0,0,0,EXCLUDE,T1,Dense 3D reconstruction for landing site detection; reconstruction system; VIO for state estimation only.
P0097,C6,2020,AMADEE-18: Vision-Based Unmanned Aerial Vehicle Navigation for Analog Mars Mission (AVI-NAV),10.1089/ast.2019.2036,True,papers/P0097.pdf,N,Y,N,0,0,0,0,0,0,0,EXCLUDE,T1,"AMADEE-18 Mars analog mission; tests existing VIO on analog Mars terrain; deployment study. T-1 fails ('presents or extends a VIO algorithm, or a multi-sensor state estimator in which the VIO measurement model, its weighting, or its integration with auxiliary sensors is the contribution'; protocol section 6: 'presents or significantly extends')."
P0103,C6,2020,ST-VIO: Visual-Inertial Odometry Combined with Image Segmentation and Tracking,10.1109/tim.2020.2989877,True,papers/P0103.pdf,Y,Y,Y,0,0,0,0,1,0,1,INCLUDE,,ST-VIO: VIO + Siamese network for moving object segmentation+tracking; novel dynamic scene handling; 2020.
P0352,C6,2020,A Visual/Inertial Relative Navigation Method for UAV Formation,10.1109/ccdc49329.2020.9164765,True,papers/P0352.pdf,N,Y,Y,1,0,0,0,0,0,1,EXCLUDE,T1,Visual/inertial relative navigation for UAV formation; GPS-independent relative positioning; 2020. R6 re-derived from the recoded aux_sensors column: 0.
P0164,C6,2020,Robust visual-inertial odometry with point and line features for blade inspection UAV,10.1108/ir-01-2020-0009,False,,Y,Y,Y,1,0,0,0,1,0,2,INCLUDE,,VIO with point+line features for wind turbine close-range inspection; GPS-denied; Sensors 2020.
P0459,C6,2020,Towards UAV-Based Absolute Hierarchical Localization in Confined Spaces,10.1109/ssrr50563.2020.9292616,True,papers/P0459.pdf,Y,Y,N,1,0,0,0,1,1,3,EXCLUDE,T3,"Hierarchical localization for UAV maritime vessel inspection in dark confined space; novel visual hierarchy; 2020. R6 re-derived from the recoded aux_sensors column: 1. T-3 fails ('Reports >=1 quantitative accuracy metric (ATE, RPE, RMSE, position error) against a prior method or baseline') as operationalised in the coding rule."
P0512,C6,2019,Swan-Inspired Unmanned Aerial Vehicles With Long-neck Visual Perception System,10.1109/aim.2019.8868743,True,papers/P0512.pdf,N,Y,N,0,0,0,0,0,0,0,EXCLUDE,T1,Swan-inspired UAV with long-neck camera; bio-inspired hardware platform; VIO used unmodified.
P0245,C6,2018,Visual-Inertial Navigation Algorithm Development Using Photorealistic Camera Simulation in the Loop,10.1109/icra.2018.8460692,True,papers/P0245.pdf,Y,Y,Y,1,0,1,0,0,0,2,INCLUDE,,Agile micro-UAV VIO algorithm development using photorealistic simulation environment; GNSS-denied; 2018.
P0327,C6,2018,Viewpoint-Tolerant Place Recognition Combining 2D and 3D Information for UAV Navigation,10.1109/icra.2018.8460786,True,papers/P0327.pdf,N,Y,Y,1,0,0,0,1,0,2,EXCLUDE,T1,Viewpoint-tolerant place recognition combining 2D+3D for UAV loop closure and drift correction; 2018. T-1 fails.
P0538,C6,2018,Towards Globally Consistent Visual-Inertial Collaborative SLAM,10.1109/icra.2018.8461213,True,papers/P0538.pdf,Y,Y,Y,1,1,0,0,0,0,2,INCLUDE,,Globally consistent VI collaborative SLAM backend for MAV; novel global consistency method; 2018. R2 set to 1: paper is in an adaptive-strategy row.
P0544,C1,2018,Collaborative 6DoF Relative Pose Estimation for Two UAVs with Overlapping Fields of View,10.1109/icra.2018.8461143,True,papers/P0544.pdf,N,Y,Y,0,0,0,1,1,0,2,EXCLUDE,T1,"Collaborative 6-DoF relative pose estimation for two UAVs with single camera each; novel init; ICRA 2018. EXCLUDE (T1). The per-UAV ego-motion estimator is an off-the-shelf VIO consumed as a black box: 'The proposed system considers two UAVs, each equipped with one monocular camera onboard and a module producing metrically scaled 6-Degree of Freedon (DoF) egomotion e"
P0321,C6,2017,Onboard real-time dense reconstruction of large-scale environments for UAV,10.1109/iros.2017.8206189,True,papers/P0321.pdf,Y,Y,Y,0,0,1,0,1,0,2,INCLUDE,,"GPU real-time dense VI RGB-D SLAM for UAV indoor environments; novel photometric+inertial+depth fusion; 2017. T-1 is satisfied under the second clause of T-1 and only under that clause, so the paper must be marked T-1 borderline."
P0135,C6,2017,Autonomous exploration of visually-degraded environments using aerial robots,10.1109/icuas.2017.7991510,True,papers/P0135.pdf,N,Y,Y,1,0,0,0,1,0,2,EXCLUDE,T1,"Autonomous exploration in visually degraded dark GPS-denied envs; IR stereo+flash+VIO; IROS 2017. T-3 N : the paper reports no numeric accuracy figure of any kind. The evaluation is descriptive - 'In both experiments, robust localization was achieved, while the autonomous exploration experiment demonstrates mission completeness and high quality mapping consistency' (p.1); Sec."
P0412,C6,2017,Robust visual-inertial localization with weak GPS priors for repetitive UAV flights,10.1109/icra.2017.7989745,True,papers/P0412.pdf,Y,Y,Y,1,1,0,0,0,1,3,INCLUDE,,Robust VI localization with weak GPS priors; adaptive to GPS quality; industrial inspection UAV; 2017. R2 re-derived from the extraction sheet (adaptive_online) and Table 10 membership: 0. R2 set to 1: paper is in an adaptive-strategy row.
P0182,C6,2016,Monocular visual-inertial SLAM for fixed-wing UAVs using sliding window based nonlinear optimization,10.1007/978-3-319-50835-1_51,True,papers/P0182.pdf,Y,Y,Y,1,0,0,0,0,0,1,INCLUDE,,Monocular VI SLAM sliding window for fixed-wing UAVs; point clouds; GPS-denied aerial; 2016.
P0345,C6,2015,Dense visual-inertial navigation system for mobile robots,10.1109/icra.2015.7139554,True,papers/P0345.pdf,Y,Y,Y,1,1,0,0,1,0,3,INCLUDE,,"Dense stereo VI navigation system for mobile robots (may include aerial); probabilistic dense VIO; 2015. R2 set to 1: paper is in an adaptive-strategy row. t3 set to Y: a numeric accuracy figure is stated, so the filter is satisfied."
P0506,C6,2014,Visual industrial inspection using aerial robots,10.1109/carpi.2014.7030056,True,papers/P0506.pdf,N,Y,N,0,0,0,0,0,0,0,EXCLUDE,T1,Visual industrial inspection with aerial robots; inspection application; camera navigation only.
P0676,C6,2023,A UAV-based explore-then-exploit system for autonomous indoor facility inspection and scene reconstruction,10.1016/j.autcon.2023.104753,True,papers/P0676.pdf,N,Y,Y,1,0,1,0,0,1,3,EXCLUDE,T1,"Explore-then-exploit indoor inspection UAV; SLAM used for localization; exploration/inspection is contribution. EXCLUDE T1. T1: 'In the step of exploitation, VINS-MONO [30] is implemented to provide pose estimation for the UAV' (p.3); 'We take advantage of these two frameworks [Fast-LIO2, VINS-Mono] and combine them together' (p.4)."
P0485,C6,2022,Robust Sensor Fusion for Autonomous UAV Navigation in GPS denied Forest Environment,10.1109/roma55875.2022.9915682,True,papers/P0485.pdf,Y,Y,N,1,0,0,0,0,1,2,EXCLUDE,T3,"Novel sensor fusion for autonomous GPS-denied forest UAV navigation; addresses forest VIO challenges. 2022. class C6 (complete deployed UAV pipeline); T-3 fails. The paper itself labels the only odometry comparison as qualitative: 'For qualitative analysis, pose estimation from different odometry algorithms are compared to our proposed robust sensor fusion odometry' (p.4); Figs."
P0594,C6,2020,A Robust UAV System for Operations in a Constrained Environment,10.1109/lra.2020.2970980,True,papers/P0594.pdf,N,Y,Y,1,0,1,0,0,1,3,EXCLUDE,T1,"Robust UAV system for SAR in constrained dark environments; precise VI localization; DARPA SubT; RA-L 2020. R6 re-derived from the recoded aux_sensors column: 1. class C6 (complete deployed UAV pipeline); T-1 fails the presented system contains no visual-inertial odometry at all, so neither clause can apply."
P0057,C4,2020,Evaluation of a Commercially Available Autonomous Visual Inertial Odometry Solution for Indoor Navigation,10.1109/icuas48674.2020.9213962,True,papers/P0057.pdf,N,Y,Y,1,0,1,1,0,0,3,EXCLUDE,T1,"EXCLUDE T1, T-1/T-2/T-3 = N/Y/Y: the VIO is a closed-source commercial module consumed as a black box, and no estimator or measurement model integrating it is presented."
P0059,C2,2021,Gnss spoofing detection based on coupled visual/inertial/gnss navigation system,10.3390/s21206769,True,papers/P0059.pdf,Y,N,Y,0,1,1,0,0,1,3,EXCLUDE,T2,"EXCLUDE T2. T1 (borderline, second clause): 'a GNSS confidence factor should be added to the cost function' of the VIO/GNSS optimiser, Eq. (16) (p.8); 'The GNSS spoofing detection program introduced in Section 3 was added to VINS-Fusion [26] as an enhancement of this coupled GPS/VIO positioning algorithm' (p.13); Chi-square detection factor built from GNSS-VIO"
P0063,C5,2025,Formation Maintenance Method for Multi-UAV in Unknown Environments,10.1109/aiotc66747.2025.11198761,True,papers/P0063.pdf,Y,Y,Y,1,1,0,1,0,1,4,INCLUDE,,"INCLUDE (T-1 borderline, second clause). T-1 is satisfied only under the widened second clause: the VIO core is off-the-shelf VINS-Fusion ('Table I compares RMSE of ATE between VINS-Fusion (VF), VINS-Fusion-NL (VFN), and the method of fusion with UWB', p.3), but the contribution is a new"
P0076,C7,2023,Tightly-coupled Line Feature-aided Visual Inertial Localization within Lightweight 3D Prior Map for Intelligent Vehicles,10.1109/itsc57777.2023.10422196,True,papers/P0076.pdf,Y,Y,Y,1,1,0,0,1,0,3,INCLUDE,,"INCLUDE, T-1/T-2/T-3 = Y/Y/Y under the first clause: 'the proposed method incorporates the new line constraints as a factor [26] into the VIO nonlinear optimization model to estimate pose in a tightly coupled' manner. R2 set to 1: paper is in an adaptive-strategy row."
P0198,C2,2022,A New Visual & Inertial Based Satellite Quality Evaluation Method,10.1145/3573942.3573994,True,papers/P0198.pdf,N,N,N,1,1,0,0,0,1,3,EXCLUDE,T1,"EXCLUDE T1. T1: VIO is consumed unmodified: 'the coordinates of the device under the visual-inertial coordinate system are calculated by VINS-Mono' (p.2); the contribution is a threshold/curve-fitting rule on the VIO-GPS difference to classify GPS as credible / unreliable / hopping / gradient-induced (Sec. 3.3, p.3); no VIO algorithm or measurement model is pr"
P0278,C4,2019,Aerial robots on the way to underground: An experimental evaluation of VINS-mono on visual-inertial odometry camera,10.1109/icdmw.2019.00024,True,papers/P0278.pdf,N,Y,Y,1,0,1,0,0,0,2,EXCLUDE,T1,EXCLUDE T1. T1: 'we present an experimental evaluation of a visual-inertial odometry application using VINS-Mono state estimator coupled with visual-inertial sensors' (p.1); 'The VINS-Mono open-source algorithm is used to perform state estimation' (p.4); Sections III-IV only restate the published VINS-Mono prei
P0387,,2026,Augmented Ultra-Wideband Localization for Quadrotor UAV: Disturbance Rejection and Credibility Quantification,10.1109/tie.2025.3642438,False,,,,,,,,,,,,,,
P0425,C6,2022,A UAV-Based Aircraft Surface Defect Inspection System via External Constraints and Deep Learning,10.1109/tim.2022.3198713,True,papers/P0425.pdf,Y,Y,Y,1,1,1,0,0,0,3,INCLUDE,,"INCLUDE. T1: 'an ECLM is proposed and integrated into the VINS-Mono objective' (p.6); marker-derived residuals gamma_external_diff (eq. 7) and gamma_external_same (eq. 9) added to VINS-Mono's 4-DoF pose objective with adaptive weight omega = cos(theta)/(1+e^{k(d-d0)}) (eq. 10-11, p.7-8; Algorithm 1, p.8); T2"
P0456,C6,2023,Visual-Inertial State-Estimation Using Ground Station for UAV,10.1109/icomet57998.2023.10099145,True,papers/P0456.pdf,N,Y,N,1,0,0,0,0,0,1,EXCLUDE,T1,"EXCLUDE (T1; also fails T3). T-1 fails. First clause: the VIO is stock VINS-Mono, run offline on recorded logs: 'the monocular visual-inertial system (VINS-mono) is utilized to achieve the autonomy of the quadrotor. The ap"
P0466,C6,2021,GNSS-denied geolocalization of UAVs by visual matching of onboard camera images with orthophotos,10.1109/icar53236.2021.9659333,True,papers/P0466.pdf,N,Y,Y,1,0,0,0,0,0,1,EXCLUDE,T1,"EXCLUDE T1. T1: the stated contributions are map-matching, not VIO: 'Novel contributions in this work are threefold. Firstly, we propose a localization solution which does not put strict requirements on UAV camera orientation .. Secondly, we compare a number of classical image matching metrics .. Thirdly, we demonstrate the convergence of the position estima"
P0525,C1,2023,A Dead Reckoning Method Based on Martian Atmosphere Polarized Skylight and Celestial Navigation for Mars Exploration UAV,10.1109/cac59555.2023.10450638,True,papers/P0525.pdf,N,,,1,1,0,1,0,1,4,EXCLUDE,T1,"EXCLUDE T1: no VIO; the visual input is an optical-flow velocity sensor with a fixed two-row residual common to all compared configurations, and the contributed models concern polarization/celestial heading only. Coding rule: an optical-flow-velocity + INS filter is not VIO; a camera-based visual odometry or front-end must be present."
P0526,C5,2019,Integrated UWB-Vision Approach for Autonomous Docking of UAVs in GPS-denied Environments,10.1109/icra.2019.8793851,True,papers/P0526.pdf,N,Y,Y,1,1,1,1,0,1,5,EXCLUDE,T1,EXCLUDE (T1). T-1 fails. First clause: the UAV's ego-motion estimator is the unmodified PX4 stack: 'this optical flow measurement is fused with IMU and other onboard measurements in an onboard estimator base
P0546,C5,2024,Localization of UGV Guided by UAV Using Visual Inertia Sensors and UWB,10.1109/icca62789.2024.10591852,True,papers/P0546.pdf,N,N,Y,1,0,0,1,0,1,3,EXCLUDE,T1,"EXCLUDE (T1; also fails T2 on the text, and T3 is not met by a stated number). The VIO is an unmodified off-the-shelf system used only as a position source: 'Then UAV runs Vins-Fusion while the UGV remains stationary to obtain real-time posture' (Sec. III-A, p.2 = proc. p.907) and 'In the simulation, the UAV runs"
P0613,C2,2025,Optimal Navigation and Obstacle Avoidance for UAV in Urban Canyons,10.1109/metroaerospace64938.2025.11114464,True,papers/P0613.pdf,Y,Y,Y,1,1,0,1,0,1,4,INCLUDE,,"INCLUDE. T1 (borderline, protocol second clause: VIO weighting/integration is the contribution): 'we propose a novel sensor fusion framework that integrates the Sage-Husa adaptive Kalman Filter (SHKF) with intermittent data from GNSS, IMU, and visual odometry supplied from a Visual-Inertial (VINS)-Fusion alg"
