id,class_id,qa1,qa2,qa3,qa4,qa5,qa_total,title
P0216,C3,1.0,1.0,1.0,0.5,1.0,4.5,Visual-Inertial Image-Odometry Network (VIIONet): A Gaussian process regression-
P0217,C1,1.0,1.0,1.0,0.0,1.0,4.0,SIMSF: A Scale Insensitive Multi-Sensor Fusion Framework for Unmanned Aerial Veh
P0228,C4,1.0,1.0,1.0,0.5,1.0,4.5,Accurate IMU Factor Using Switched Linear Systems for VIO
P0018,C1,1.0,1.0,1.0,0.0,1.0,4.0,Tightly-coupled Fusion of Global Positional Measurements in Optimization-based V
P0021,C6,1.0,1.0,0.5,1.0,1.0,4.5,Visual-inertial-actuator odometry for multirotor UAVs with rotor drag and extern
P0023,C4,1.0,1.0,1.0,0.5,1.0,4.5,Stereo visual-inertial fusion for UAV state estimation
P0027,C2,1.0,1.0,1.0,0.5,1.0,4.5,Visual-inertial odometry with robust initialization and online scale estimation
P0245,C6,1.0,1.0,0.5,0.0,0.5,3.0,Visual-Inertial Navigation Algorithm Development Using Photorealistic Camera Sim
P0037,C2,1.0,1.0,0.5,1.0,1.0,4.5,Adaptive Covariance and Quaternion-Focused Hybrid Error-State EKF/UKF for Visual
P0285,C2,1.0,1.0,1.0,0.5,1.0,4.5,Online spatial and temporal calibration for monocular direct visual-inertial odo
P0286,C1,1.0,1.0,1.0,0.5,1.0,4.5,VIUNet: Deep Visual-Inertial-UWB Fusion for Indoor UAV Localization
P0067,C2,1.0,1.0,0.0,0.5,0.5,3.0,Sensing and control of a quadrotor using a visual inertial fusion method
P0309,C1,1.0,1.0,0.5,0.5,1.0,4.0,Distributed Variable-Baseline Stereo SLAM from two UAVs
P0315,C7,1.0,1.0,0.0,0.0,0.5,2.5,Direct feature correspondence in vision-aided inertial navigation for unmanned a
P0099,C3,1.0,1.0,1.0,1.0,1.0,5.0,Learning Pose Estimation for UAV Autonomous Navigation and Landing Using Visual-
P0321,C6,1.0,1.0,1.0,0.5,1.0,4.5,Onboard real-time dense reconstruction of large-scale environments for UAV
P0103,C6,1.0,1.0,1.0,0.5,1.0,4.5,ST-VIO: Visual-Inertial Odometry Combined with Image Segmentation and Tracking
P0105,C2,1.0,1.0,0.5,0.0,0.5,3.0,An Online Calibration 2-DoF Attitude and Height State Estimator
P0336,C5,1.0,1.0,1.0,0.0,1.0,4.0,Robust thermal-inertial localization for aerial robots: A case for direct method
P0337,C2,1.0,1.0,0.0,1.0,1.0,4.0,Fusion of Optical Flow and Dead Reckoning Algorithms for UAV Navigation Without 
P0108,C7,1.0,1.0,0.0,0.5,0.5,3.0,Visual Inertial Navigation for a Small UAV Using Sparse and Dense Optical Flow
P0339,C1,1.0,1.0,1.0,1.0,1.0,5.0,LGVINS: LiDAR-GPS-Visual and Inertial System Based Multi-Sensor Fusion for Smoot
P0341,C7,1.0,1.0,1.0,0.5,1.0,4.5,Deployment of Reliable Visual Inertial Odometry Approaches for Unmanned Aerial V
P0345,C6,1.0,1.0,0.5,0.0,1.0,3.5,Dense visual-inertial navigation system for mobile robots
P0124,C7,1.0,1.0,0.5,0.5,1.0,4.0,Latency compensated visual-inertial odometry for agile autonomous flight
P0361,C2,1.0,1.0,0.5,1.0,1.0,4.5,Robust visual inertial odometry using a direct EKF-based approach
P0363,C6,1.0,1.0,0.5,1.0,1.0,4.5,Autonomous Localization and Navigation for Drones Over Rivers
P0377,C1,1.0,1.0,1.0,0.5,1.0,4.5,GOMSF: Graph-Optimization Based Multi-Sensor Fusion for robust UAV Pose estimati
P0383,C5,1.0,1.0,1.0,1.0,1.0,5.0,Perception in the dark—development of a ToF visual inertial odometry system
P0393,C5,1.0,1.0,0.0,0.0,1.0,3.0,Laser-aided Infrared Visual Inertial Odometry for Unmanned Aerial Vehicle with M
P0176,C2,1.0,1.0,1.0,1.0,1.0,5.0,Photometric Visual-Inertial Navigation with Uncertainty-Aware Ensembles
P0178,C1,1.0,1.0,1.0,0.5,1.0,4.5,Fusion of Visual-Inertial Odometry With LiDAR Relative Localization for Cooperat
P0408,C1,1.0,1.0,0.0,0.5,0.5,3.0,Computationally efficient visual-inertial sensor fusion for Global Positioning S
P0412,C6,1.0,1.0,1.0,1.0,1.0,5.0,Robust visual-inertial localization with weak GPS priors for repetitive UAV flig
P0182,C6,1.0,1.0,0.0,0.5,1.0,3.5,Monocular visual-inertial SLAM for fixed-wing UAVs using sliding window based no
P0196,C6,1.0,1.0,0.5,1.0,1.0,4.5,"AIVIO: Closed-Loop, Object-Relative Navigation of UAVs With AI-Aided Visual Iner"
P0202,C2,1.0,1.0,1.0,0.0,1.0,4.0,PLI-VIO: Real-time Monocular Visual-inertial Odometry Using Point and Line Inter
P0440,C3,1.0,1.0,1.0,0.5,1.0,4.5,SupSLAM: A Robust Visual Inertial SLAM System Using SuperPoint for Unmanned Aeri
P0538,C6,1.0,1.0,1.0,1.0,1.0,5.0,Towards Globally Consistent Visual-Inertial Collaborative SLAM
P0535,C7,1.0,1.0,1.0,1.0,1.0,5.0,LSTM and Filter Based Comparison Analysis for Indoor Global Localization in UAVs
P0545,C7,1.0,1.0,1.0,0.5,1.0,4.5,Encoderless Gimbal Calibration of Dynamic Multi-Camera Clusters
P0089,C4,1.0,1.0,0.5,1.0,1.0,4.5,Autonomous navigation of micro aerial vehicles using high-rate and low-cost sens
P0026,C1,1.0,1.0,1.0,0.5,1.0,4.5,Information sparsification for visual-inertial odometry by manipulating Bayes tree
P0039,C5,1.0,1.0,1.0,0.5,1.0,4.5,R-LVIO: Resilient LiDAR-Visual-Inertial Odometry for UAVs in GNSS-denied Environment
P0087,C2,1.0,1.0,1.0,1.0,1.0,5.0,TSFNet: A Two-Stage Fusion Network for Visual–Inertial Odometry
P0101,C2,1.0,1.0,1.0,0.5,1.0,4.5,Adaptive Covariance Matrix for UAV-Based Visual–Inertial Navigation Systems Using Gaussian Formulas
P0106,C5,1.0,1.0,1.0,1.0,1.0,5.0,Indoor UAV navigation using event cameras and intermediate frame reconstruction
P0115,C2,1.0,1.0,1.0,1.0,1.0,5.0,UAV–UGV Collaborative Localization in GNSS-Denied Large-Scale Environments: An Anchor-Free VIO–UWB Fusion with Adaptive 
P0122,C7,1.0,1.0,1.0,1.0,1.0,5.0,GPLVINS: Tightly Coupled GNSS-Visual-Inertial Fusion for Consistent State Estimation with Point and Line Features for Un
P0131,C2,1.0,1.0,1.0,0.5,1.0,4.5,GNSS-Denied Semi-Direct Visual Navigation for Autonomous UAVs Aided by PI-Inspired Inertial Priors
P0167,C5,1.0,1.0,1.0,1.0,1.0,5.0,GNSS-denied UAV indoor navigation with UWB incorporated visual inertial odometry
P0172,C5,1.0,1.0,1.0,1.0,1.0,5.0,HCCNet: Hybrid Coupled Cooperative Network for Robust Indoor Localization
P0187,C5,1.0,1.0,1.0,1.0,1.0,5.0,An Indoor UAV Localization Framework with ESKF Tightly-Coupled Fusion and Multi-Epoch UWB Outlier Rejection
P0188,C5,1.0,1.0,1.0,0.5,1.0,4.5,REVIO: Range- and Event-Based Visual-Inertial Odometry for Bio-Inspired Sensors
P0197,C7,1.0,1.0,1.0,1.0,1.0,5.0,UAV navigation in large-scale GPS-denied bridge environments using fiducial marker-corrected stereo visual-inertial loca
P0208,C2,1.0,1.0,1.0,1.0,1.0,5.0,UAV Sensor Data Fusion for Localization Using Adaptive Multiscale Feature Matching Mechanisms Under GPS-Deprived Environ
P0294,C1,1.0,1.0,1.0,0.5,1.0,4.5,A cliquey subgraph approach to sparsified UAV visual inertial odometry by surjective Bayes-tree-to-factor-graph mapping
P0298,C2,1.0,1.0,1.0,1.0,1.0,5.0,Real-time motion state estimation of feature points based on optical flow field for robust monocular visual-inertial odo
P0300,C6,1.0,1.0,1.0,0.5,1.0,4.5,CDSFusion: Dense Semantic SLAM for Indoor Environment Using CPU Computing
P0302,C7,1.0,1.0,0.5,0.5,1.0,4.0,Loop Detection Method Based on Neural Radiance Field BoW Model for Visual Inertial Navigation of UAVs
P0316,C5,1.0,1.0,1.0,1.0,1.0,5.0,Range–Visual–Inertial Odometry with Coarse-to-Fine Image Registration Fusion for UAV Localization
P0326,C2,1.0,1.0,1.0,0.5,1.0,4.5,Landmark-Based Scale Estimation and Correction of Visual Inertial Odometry for VTOL UAVs in a GPS-Denied Environment
P0414,C1,1.0,1.0,1.0,1.0,1.0,5.0,A tightly-coupled dense monocular Visual-Inertial Odometry system with lightweight depth estimation network
P0422,C5,1.0,1.0,1.0,0.5,1.0,4.5,Square-Root Inverse Filter-based GNSS-Visual-Inertial Navigation
P0427,C2,1.0,1.0,1.0,0.5,1.0,4.5,LSAF-LSTM-Based Self-Adaptive Multi-Sensor Fusion for Robust UAV State Estimation in Challenging Environments †
P0481,C5,1.0,1.0,0.5,0.5,1.0,4.0,Data-Efficient Collaborative Decentralized Thermal-Inertial Odometry
P0624,C7,1.0,1.0,0.5,0.5,1.0,4.0,Particle Filter-Based Localization Using Visual Feature Synchronization in GNSS-Denied Navigation
P0378,C6,1.0,1.0,1.0,1.0,0.5,4.5,C2VIR-SLAM: Centralized Collaborative Visual-Inertial-Range Simultaneous Localiz
P0403,C6,1.0,0.5,1.0,0.5,0.5,3.5,Research on Unmanned Aerial Vehicle (UAV) Visual Landing Guidance and Positionin
P0406,C6,1.0,0.5,1.0,0.5,1.0,4.0,Structure Priors Aided Visual-Inertial Navigation in Building Inspection Tasks w
P0338,C2,1.0,1.0,1.0,0.0,0.5,3.5,DeepUKF-VIN: Adaptively-tuned Deep Unscented Kalman Filter for 3D Visual-Inertia
P0118,C5,1.0,0.5,1.0,0.0,0.5,3.0,Event-Based Visual/Inertial Odometry for UAV Indoor Navigation
P0031,C2,1.0,1.0,1.0,0.5,0.5,4.0,Position Uncertainty Reduction in Visual-Inertial Navigation Systems Using Multi
P0256,C1,1.0,1.0,1.0,0.5,0.5,4.0,UAV Visual-Inertial Dynamics (VI-D) Odometry using Unscented Kalman Filter
P0284,C1,1.0,1.0,1.0,0.0,0.5,3.5,Quaternion-Based Unscented Kalman Filter for 6-DoF Vision-Based Inertial Navigat
P0322,C2,1.0,0.5,1.0,1.0,0.5,4.0,A new visual-inertial odometry scheme for unmanned systems in unified framework 
P0340,C5,1.0,1.0,1.0,0.5,0.5,4.0,UVIO: An UWB-Aided Visual-Inertial Odometry Framework with Bias-Compensated Anch
P0346,C2,1.0,1.0,1.0,0.5,1.0,4.5,GPS-VIO Fusion with Online Rotational Calibration
P0349,C1,1.0,1.0,1.0,0.5,0.5,4.0,HVIOnet: A deep learning based hybrid visual–inertial odometry approach for unma
P0417,C2,1.0,1.0,1.0,1.0,1.0,5.0,Enhancing VIO Robustness Under Sudden Lighting Variation: A Learning-Based IMU D
P0418,C3,1.0,1.0,1.0,0.5,1.0,4.5,In-Flight Initialization of Global Visual-Inertial Estimators using Geospatial D
P0662,C1,1.0,1.0,1.0,0.5,1.0,4.5,"FAST-LIVO2: Fast, Direct LiDAR–Inertial–Visual Odometry"
P0663,C6,1.0,1.0,1.0,1.0,1.0,5.0,$D^{2}$SLAM: Decentralized and Distributed Collaborative Visual-Inertial SLAM Sy
P0044,C1,1.0,0.5,0.5,0.0,0.5,2.5,Multi-Sensor Fusion Framework Based on GPS State Detection
P0002,C1,1.0,0.5,1.0,0.5,0.5,3.5,A Real-time Framework for UAV Indoor Self-Positioning and 3D Mapping Base on 2D 
P0016,C1,1.0,1.0,1.0,1.0,1.0,5.0,GeoVINS: Geographic-Visual-Inertial Navigation System for Large-Scale Drift-Free
P0036,C1,1.0,0.5,1.0,0.5,0.5,3.5,GO-SLAM: GPS-Aided Visual-Inertial SLAM for Adaptive UAV Navigation in Outdoor-I
P0048,C5,1.0,1.0,0.0,1.0,0.5,3.5,A Distributed SLAM with UWB-VIO Fusion Framework for Enhanced Relative Localizat
P0055,C3,1.0,0.5,0.0,1.0,0.5,3.0,Getting Started with a Simple Visual-Inertial Odometry
P0063,C5,1.0,0.5,1.0,0.0,0.5,3.0,Formation Maintenance Method for Multi-UAV in Unknown Environments
P0070,C1,1.0,1.0,1.0,0.5,1.0,4.5,"Localization, Planning, and Control of a UAV for Rapid Complete Coverage Bridge "
P0072,C7,1.0,0.5,1.0,0.0,0.5,3.0,A monocular inertial UAV SLAM algorithm leveraging feature clustering
P0076,C7,1.0,1.0,1.0,1.0,0.5,4.5,Tightly-coupled Line Feature-aided Visual Inertial Localization within Lightweig
P0084,C2,1.0,0.5,1.0,0.5,0.5,3.5,A Comparative Analysis of Hybrid Sensor Fusion Schemes for Visual-Inertial Navig
P0086,C5,1.0,1.0,1.0,0.5,0.5,4.0,Integrated Resonant Beam and VIO for UAV Position and Attitude Sensing in Air-Gr
P0153,C7,1.0,1.0,1.0,1.0,1.0,5.0,A Visual-Inertial Navigation Coupled Localization Method Based on Adaptive Point
P0271,C1,1.0,1.0,1.0,0.5,1.0,4.5,Multiview Landmark-Assisted UAV Swarm 6-DoF Pose Estimation Using Resonant Beam 
P0289,C1,1.0,1.0,1.0,0.5,1.0,4.5,Cooperative Visual-Range-Inertial Navigation for Multiple Unmanned Aerial Vehicl
P0293,C7,1.0,1.0,1.0,0.0,0.5,3.5,Fast and Robust Semidirect Monocular Visual-Inertial Odometry for UAV
P0368,C4,1.0,1.0,0.5,0.5,0.5,3.5,Sensitivity Analysis of a Visual Inertial Odometry-based Navigation System for U
P0369,C7,1.0,1.0,0.0,0.5,0.5,3.0,Tightly coupled visual inertial odometry based on artificial landmarks
P0049,C1,1.0,1.0,1.0,0.5,1.0,4.5,A 2D Georeferenced Map Aided Visual-Inertial System for Precise UAV Localization
P0437,C1,1.0,1.0,0.5,0.5,1.0,4.0,Error State Extended Kalman Filter Multi-Sensor Fusion for Unmanned Aerial Vehic
P0632,C6,1.0,1.0,1.0,1.0,1.0,5.0,Flying Co-Stereo: Enabling Long-Range Aerial Dense Mapping via Collaborative Ste
P0005,C6,1.0,0.5,0.0,0.5,0.5,2.5,Robust UAV Localization in GNSS-Denied Environments via Efficient Visual Scene M
P0042,C6,1.0,1.0,1.0,0.5,0.5,4.0,Efficient Visual-Inertial Navigation with Point-Plane Map
P0052,C2,1.0,0.5,1.0,0.0,0.5,3.0,An Adaptive Approach based on Multi-State Constraint Kalman Filter for UAVs
P0075,C2,1.0,0.5,0.5,0.5,0.5,3.0,Comparison of Visual-Inertial Sensor Fusion Techniques for GNSS-Resilient Naviga
P0119,C5,1.0,0.5,1.0,0.5,1.0,4.0,Towards Consistent Visual-Inertial Navigation for Unmanned Aerial Vehicles using
P0120,C2,1.0,0.5,1.0,1.0,1.0,4.5,UAV Navigation With Monocular Visual Inertial Odometry Under GNSS-Denied Environ
P0128,C1,1.0,0.5,1.0,0.5,0.5,3.5,Virtual Stereo Vision-Based Localization and 3D Mesh Mapping for Dual UAV System
P0173,C1,1.0,1.0,0.0,0.5,0.5,3.0,LiDAR-Visual-Inertial Fusion Architectures for GNSS-Resilient Aerial Navigation:
P0211,C5,1.0,0.5,1.0,0.5,0.5,3.5,1D-LRF Aided Visual-Inertial Odometry for High-Altitude MAV Flight
P0225,C3,1.0,0.5,1.0,0.5,0.5,3.5,Loose Coupled Initialization Method for Visual Inertial Navigation in Outdoor Lo
P0251,C2,1.0,1.0,1.0,0.0,0.5,3.5,REFLoc: A Resilient Evolutionary Fusion Framework for Robust Indoor Localization
P0335,C2,1.0,1.0,1.0,0.5,0.5,4.0,Resilient Vision-Inertial Fusion Algorithm Based on the Depth of Feature Point
P0374,C1,1.0,1.0,1.0,0.5,1.0,4.5,Error-State Kalman Filter based Visual-Inertial Odometry Using Orientation Measu
P0381,C6,1.0,0.5,1.0,0.0,0.5,3.0,Autonomous Navigation Algorithm of Monocular UAV Based on Depth Estimation and R
P0425,C6,1.0,1.0,1.0,0.5,0.5,4.0,A UAV-Based Aircraft Surface Defect Inspection System via External Constraints a
P0565,C6,1.0,0.5,1.0,0.5,0.5,3.5,High-Altitude Visual Feature-Based Multi-Sensor Tightly Coupled Pose Estimation
P0584,C2,1.0,1.0,1.0,0.5,0.5,4.0,Confidence Factor-Based Robust Localization Algorithm With Visual-Inertial-LiDAR
P0613,C2,1.0,0.5,1.0,0.5,0.5,3.5,Optimal Navigation and Obstacle Avoidance for UAV in Urban Canyons
P0434,C1,1.0,0.5,1.0,0.0,0.5,3.0,LM-VINS: A Lightweight Magnetic-Assisted Visual-Inertial Navigation System for U
P0387,C5,1.0,1.0,1.0,0.5,0.5,4.0,Augmented Ultra-Wideband Localization for Quadrotor UAV: Disturbance Rejection a
P0702,C2,1.0,1.0,1.0,0.5,0.5,4.0,DC-VINS: Dynamic Camera Visual Inertial Navigation System with Online Calibratio
P0703,C7,1.0,1.0,1.0,1.0,0.5,4.5,Fast Monocular Visual-Inertial Odometry With Point-Line Features and Vanishing P
P0705,C1,1.0,1.0,0.5,0.0,1.0,3.5,Methodology for Localizing an Indoor Drone Using Onboard Sensors and Validating 
P0706,C1,1.0,0.5,1.0,0.5,0.5,3.5,Cooperative Visual Inertial Odometry for Heterogeneous Swarm of Drones Navigatin
P0708,C7,1.0,1.0,0.5,1.0,0.5,4.0,"A Visual Inertial Odometry Framework for 3D Points, Lines and Planes"
P0711,C1,1.0,1.0,1.0,1.0,0.5,4.5,Information Sparsification in Visual-Inertial Odometry
P0713,C2,1.0,0.5,1.0,0.5,0.5,3.5,Kernel-VIO : An Optimization-based Tightly Coupled Indirect Visual-Inertial Odom
P0721,C1,1.0,1.0,1.0,0.5,0.5,4.0,An Observability Constrained Downward-Facing Optical-Flow-Aided Visual-Inertial 
P0728,C6,1.0,1.0,1.0,1.0,0.5,4.5,LEVIO: Lightweight Embedded Visual Inertial Odometry for Resource-Constrained De
P0729,C1,1.0,1.0,1.0,0.5,0.5,4.0,Dual Pose-Graph Semantic Localization for Vision-Based Autonomous Drone Racing
P0731,C7,1.0,1.0,1.0,1.0,1.0,5.0,Attention and Anticipation in Fast Visual-Inertial Navigation
P0733,C7,1.0,0.5,1.0,0.0,0.5,3.0,Optimization of Aerial Drone Visual Front-End and Multi-Sensor Fusion Localizati
P0735,C2,1.0,1.0,1.0,0.5,0.5,4.0,Deep IMU Bias Inference for Robust Visual-Inertial Odometry With Factor Graphs
P0736,C3,1.0,1.0,1.0,0.5,1.0,4.5,DM-VIO: Delayed Marginalization Visual-Inertial Odometry
P0738,C2,1.0,1.0,1.0,0.5,1.0,4.5,Spatio-temporal Voxel Motion Estimation in Dynamic Environment for Visual-Inerti
P0739,C2,1.0,1.0,1.0,0.5,1.0,4.5,QVIO2: Quantized Map-Based Visual-Inertial Odometry
P0744,C7,1.0,1.0,1.0,1.0,0.5,4.5,LUNA: Light-based Urban Navigation and Anchor via Geometric Structural Constrain
P0745,C7,1.0,1.0,1.0,0.0,0.5,3.5,VINS-Mask: A ROI-mask Feature Tracker for Monocular Visual-inertial System
P0746,C1,1.0,1.0,1.0,0.0,0.5,3.5,Super Odometry: IMU-centric LiDAR-Visual-Inertial Estimator for Challenging Envi
P0747,C5,1.0,1.0,1.0,0.5,1.0,4.5,PL-EVIO: Robust Monocular Event-Based Visual Inertial Odometry With Point and Li
P0750,C2,1.0,1.0,1.0,1.0,0.5,4.5,A Look at Improving Robustness in Visual- inertial SLAM by Moment Matching
P0751,C1,1.0,1.0,1.0,0.5,1.0,4.5,Self-Supervised Monocular Visual Drone Model Identification through Improved Occ
P0754,C1,1.0,1.0,1.0,0.5,1.0,4.5,VPS-SLAM: Visual Planar Semantic SLAM for Aerial Robotic Systems
P0763,C1,1.0,1.0,0.5,0.5,0.5,3.5,Decentralized Visual-Inertial-UWB Fusion for Relative State Estimation of Aerial
P0773,C5,1.0,0.5,0.5,0.5,0.5,3.0,Multi-Drone Cooperative Localization via UWB and VIO Fusion
P0799,C1,1.0,1.0,1.0,1.0,1.0,5.0,Omni-Swarm: A Decentralized Omnidirectional Visual–Inertial–UWB State Estimation
P0803,C1,1.0,1.0,1.0,1.0,1.0,5.0,Drift-Free Visual SLAM Using Digital Twins
P0804,C5,1.0,1.0,0.5,1.0,1.0,4.5,Thermal-Inertial Odometry for Autonomous Flight Throughout the Night
P0808,C1,1.0,0.5,1.0,0.5,0.5,3.5,Hierarchical Connectivity-Based Optimisation for Multi-UAV Relative State Estima
P0811,C2,1.0,1.0,1.0,0.5,1.0,4.5,HDVIO2.0: Wind and Disturbance Estimation With Hybrid Dynamics VIO
P0820,C2,1.0,0.5,1.0,0.5,1.0,4.0,DynaVINS: A Visual-Inertial SLAM for Dynamic Environments
P0822,C1,1.0,1.0,0.5,1.0,1.0,4.5,A Unified Error-State Kalman Filtering Framework for Multi-Sensor Navigation of 
P0839,C2,1.0,1.0,1.0,0.5,1.0,4.5,Trust Your IMU: Consequences of Ignoring the IMU Drift
P0841,C6,1.0,1.0,1.0,1.0,1.0,5.0,"ORB-SLAM3: An Accurate Open-Source Library for Visual, Visual–Inertial, and Mult"
P0848,C1,1.0,1.0,1.0,1.0,1.0,5.0,Efficiently Range-Coupled Position Estimation for an Aerial Swarm With the Confi
P0850,C2,1.0,1.0,1.0,0.0,0.5,3.5,Improving Visual SLAM in Complex Nighttime Scenarios: A Robust Low-Light Solutio
P0858,C7,1.0,1.0,1.0,0.5,0.5,4.0,Loosely Coupled Stereo VINS Based on Point-Line Features Tracking With Feedback 
P0859,C7,1.0,1.0,1.0,0.5,0.5,4.0,Edged USLAM: Edge-Aware Event-Based SLAM with Learning-Based Depth Priors
P0862,C7,1.0,1.0,1.0,1.0,0.5,4.5,IE-VINS: A content-adaptive visual-inertial navigation system with gradient-awar
P0863,C7,1.0,1.0,1.0,0.5,0.5,4.0,Kimera2: Robust and Accurate Metric-Semantic SLAM in the Real World
P0864,C2,1.0,1.0,1.0,1.0,1.0,5.0,A Reliability-Aware Visual-Inertial Odometry for Dynamic and Low-Texture Environ
P0865,C7,1.0,1.0,1.0,1.0,0.5,4.5,Magnetometer-based enhanced visual-inertial odometry for reliable long-range nav
P0867,C2,1.0,1.0,1.0,0.5,0.5,4.0,A continual evolving Visual-Inertial Odometry for drones in flight
P0870,C1,1.0,1.0,1.0,0.5,0.5,4.0,Fusion localization for indoor airplane inspection using visual inertial odometr
P0876,C2,1.0,0.5,1.0,1.0,0.5,4.0,A control-theoretic framework for autonomous UAV navigation in GNSSdenied enviro
P0878,C1,1.0,1.0,1.0,1.0,0.5,4.5,BIM-Constrained Elastic Fusion Navigation Framework for UAV Bridge Inspection Un
P0880,C2,1.0,0.5,1.0,0.0,0.5,3.0,A Performance Analysis of Pose Estimation Based on Two-View Tracking and Multi-S
P0882,C1,1.0,1.0,1.0,1.0,0.5,4.5,Indoor UAV Localization via Multi-Anchor One-Shot Calibration and Factor Graph F
P0888,C1,1.0,1.0,1.0,1.0,0.5,4.5,ESKF-g2o-SLAM: A Stereo Visual-Inertial SLAM with ORB Features and ESKF-Based VI
P0892,C2,1.0,1.0,1.0,0.5,0.5,4.0,Condition-Based LSTM for Residual Calculation of Optical Flow
P0901,C5,1.0,1.0,1.0,1.0,0.5,4.5,Lightweight event camera inertial fusion pose estimation with Cramer Rao lower b
P0902,C6,1.0,1.0,1.0,0.5,0.5,4.0,MarsBird-VII: An Autonomous Stereo-Inertial Navigation System with Real-Time Opt
P0903,C1,1.0,1.0,1.0,1.0,0.5,4.5,VARIATIONAL STATE-SPACE MODELS FOR LOCALISATION AND DENSE 3D MAPPING IN 6 DOF
P0907,C1,1.0,1.0,1.0,0.0,0.5,3.5,Infrared visual-inertia-UWB fusion positioning method for drones in cabin enviro
P0908,C7,1.0,1.0,1.0,0.5,0.5,4.0,BotVIO: A Lightweight Transformer-Based Visual–Inertial Odometry for Robotics
P0910,C7,1.0,0.5,1.0,1.0,0.5,4.0,SIVR-VIF: System-Level Source-End Inertial Measurement Unit and Visual Reconstru
P0919,C7,1.0,1.0,1.0,1.0,1.0,5.0,Semi-dense visual-inertial odometry and mapping for computationally constrained 
P0924,C6,1.0,1.0,0.5,0.5,0.5,3.5,Autonomous Quadrotor Flight despite Rotor Failure with Onboard Vision Sensors: F
