id,ref_number,gap,hit:adaptive altitude,hit:adaptive barometer,hit:adaptive height,hit:altimeter,hit:altitude sensor,hit:barometer,hit:barometer noise,hit:barometric,hit:barometric covariance,hit:descriptor quality,hit:descriptor uniqueness,hit:feature confidence,hit:feature quality,hit:feature reliability,hit:feature score,hit:height sensor,hit:keypoint confidence,hit:keypoint quality,hit:match confidence,hit:per keypoint,hit:per-feature weight,hit:per-feature weighting,hit:per-keypoint,hit:quality weighted,hit:quality-weighted,total_hits
P0176,44,G1,,,,,,,,,,0,0,0,0,0,0,,0,0,0,0,0,0,0,,,0
P0176,44,G3,0,0,0,0,0,0,0,0,0,,,,,,,0,,,,,,,,0,0,0
P0089,45,G1,,,,,,,,,,0,0,0,0,0,0,,0,0,0,0,0,0,0,,,0
P0089,45,G3,0,0,0,0,0,0,0,0,0,,,,,,,0,,,,,,,,0,0,0
P0361,46,G1,,,,,,,,,,0,0,0,0,0,0,,0,0,0,0,0,0,0,,,0
P0361,46,G3,0,0,0,0,0,0,0,0,0,,,,,,,0,,,,,,,,0,0,0
P0067,47,G1,,,,,,,,,,0,0,0,0,0,0,,0,0,0,0,0,0,0,,,0
P0067,47,G3,0,0,0,1,0,0,0,0,0,,,,,,,0,,,,,,,,0,0,1
P0408,48,G1,,,,,,,,,,0,0,0,0,0,0,,0,0,0,0,0,0,0,,,0
P0408,48,G3,0,0,0,0,0,0,0,0,0,,,,,,,0,,,,,,,,0,0,0
P0315,49,G1,,,,,,,,,,0,0,0,0,0,0,,0,0,0,0,0,0,0,,,0
P0315,49,G3,0,0,0,0,0,0,0,0,0,,,,,,,0,,,,,,,,0,0,0
P0108,50,G1,,,,,,,,,,0,0,0,0,0,0,,0,0,0,0,0,0,0,,,0
P0108,50,G3,0,0,0,0,0,0,0,0,0,,,,,,,0,,,,,,,,0,0,0
P0393,51,G1,,,,,,,,,,0,0,0,0,0,0,,0,0,0,0,0,0,0,,,0
P0393,51,G3,0,0,0,0,0,0,0,0,0,,,,,,,0,,,,,,,,0,0,0
P0383,52,G1,,,,,,,,,,0,0,0,0,0,0,,0,0,0,0,0,0,0,,,0
P0383,52,G3,0,0,0,0,0,0,0,0,0,,,,,,,0,,,,,,,,0,0,0
P0124,53,G1,,,,,,,,,,0,0,0,0,0,0,,0,0,0,0,0,0,0,,,0
P0124,53,G3,0,0,0,2,0,0,0,1,0,,,,,,,0,,,,,,,,0,0,3
P0105,112,G1,,,,,,,,,,0,0,0,0,0,0,,0,0,0,0,0,0,0,,,0
P0105,112,G3,0,0,0,0,0,0,0,0,0,,,,,,,0,,,,,,,,0,0,0
P0037,54,G1,,,,,,,,,,0,0,0,0,0,0,,0,0,0,0,0,0,0,,,0
P0037,54,G3,0,0,0,0,0,0,0,0,0,,,,,,,0,,,,,,,,0,0,0
P0363,55,G1,,,,,,,,,,0,0,0,0,0,0,,0,0,0,0,0,0,0,,,0
P0363,55,G3,0,0,0,0,0,0,0,4,0,,,,,,,0,,,,,,,,0,0,4
P0106,56,G1,,,,,,,,,,0,0,0,0,0,0,,0,0,0,0,0,0,0,,,0
P0106,56,G3,0,0,0,0,0,0,0,0,0,,,,,,,0,,,,,,,,0,0,0
P0187,17,G1,,,,,,,,,,0,0,0,0,0,0,,0,0,0,0,0,0,0,,,0
P0187,17,G3,0,0,0,0,0,0,0,0,0,,,,,,,0,,,,,,,,0,0,0
P0208,57,G1,,,,,,,,,,0,0,0,0,0,0,,0,0,0,0,0,0,0,,,0
P0208,57,G3,0,0,0,0,0,1,0,0,0,,,,,,,0,,,,,,,,0,0,1
P0326,58,G1,,,,,,,,,,0,0,0,0,0,0,,0,0,0,0,0,0,0,,,0
P0326,58,G3,0,0,0,1,0,0,0,0,0,,,,,,,0,,,,,,,,0,0,1
P0422,59,G1,,,,,,,,,,0,0,0,0,0,0,,0,0,0,0,0,0,0,,,0
P0422,59,G3,0,0,0,0,0,0,0,0,0,,,,,,,0,,,,,,,,0,0,0
P0427,60,G1,,,,,,,,,,0,0,0,0,0,0,,0,0,0,0,0,0,0,,,0
P0427,60,G3,0,0,0,0,0,0,0,0,0,,,,,,,0,,,,,,,,0,0,0
P0481,61,G1,,,,,,,,,,0,0,0,0,0,0,,0,0,0,0,0,0,0,,,0
P0481,61,G3,0,0,0,0,0,0,0,0,0,,,,,,,0,,,,,,,,0,0,0
P0624,62,G1,,,,,,,,,,0,0,0,0,0,0,,0,0,0,0,0,0,0,,,0
P0624,62,G3,0,0,0,1,0,0,0,1,0,,,,,,,0,,,,,,,,0,0,2
P0182,113,G1,,,,,,,,,,0,0,0,0,0,0,,0,0,0,0,0,0,0,,,0
P0182,113,G3,0,0,0,0,0,0,0,0,0,,,,,,,0,,,,,,,,0,0,0
P0027,114,G1,,,,,,,,,,0,0,0,0,0,0,,0,0,0,0,0,0,0,,,0
P0027,114,G3,0,0,0,0,0,0,0,0,0,,,,,,,0,,,,,,,,0,0,0
P0377,18,G1,,,,,,,,,,0,0,0,0,0,0,,0,0,0,0,0,0,0,,,0
P0377,18,G3,0,0,0,0,0,0,0,0,0,,,,,,,0,,,,,,,,0,0,0
P0018,115,G1,,,,,,,,,,0,0,0,0,0,0,,0,0,0,0,0,0,0,,,0
P0018,115,G3,0,0,0,0,0,0,0,0,0,,,,,,,0,,,,,,,,0,0,0
P0103,116,G1,,,,,,,,,,0,0,0,0,0,0,,0,0,0,0,0,0,0,,,0
P0103,116,G3,0,0,0,0,0,0,0,0,0,,,,,,,0,,,,,,,,0,0,0
P0021,117,G1,,,,,,,,,,0,0,0,0,0,0,,0,0,0,0,0,0,0,,,0
P0021,117,G3,0,0,0,0,0,0,0,0,0,,,,,,,0,,,,,,,,0,0,0
P0202,118,G1,,,,,,,,,,0,0,0,1,0,0,,0,0,0,0,0,0,0,,,1
P0202,118,G3,0,0,0,0,0,0,0,0,0,,,,,,,0,,,,,,,,0,0,0
P0026,119,G1,,,,,,,,,,0,0,0,0,0,0,,0,0,0,0,0,0,0,,,0
P0026,119,G3,0,0,0,0,0,0,0,0,0,,,,,,,0,,,,,,,,0,0,0
P0039,120,G1,,,,,,,,,,0,0,0,0,0,0,,0,0,0,0,0,0,0,,,0
P0039,120,G3,0,0,0,0,0,0,0,0,0,,,,,,,0,,,,,,,,0,0,0
P0101,121,G1,,,,,,,,,,0,0,0,0,0,0,,0,0,0,0,0,0,0,,,0
P0101,121,G3,0,0,0,0,0,0,0,0,0,,,,,,,0,,,,,,,,0,0,0
P0115,122,G1,,,,,,,,,,0,0,0,0,0,0,,0,0,0,0,0,0,0,,,0
P0115,122,G3,0,0,0,0,0,0,0,0,0,,,,,,,0,,,,,,,,0,0,0
P0122,123,G1,,,,,,,,,,0,0,0,0,0,0,,0,0,0,0,0,0,0,,,0
P0122,123,G3,0,0,0,0,0,0,0,0,0,,,,,,,0,,,,,,,,0,0,0
P0131,124,G1,,,,,,,,,,0,0,0,0,0,0,,0,0,0,0,0,0,0,,,0
P0131,124,G3,0,0,0,0,0,2,0,1,0,,,,,,,0,,,,,,,,0,0,3
P0167,125,G1,,,,,,,,,,0,0,0,0,0,0,,0,0,0,0,0,0,0,,,0
P0167,125,G3,0,0,0,0,0,1,0,0,0,,,,,,,0,,,,,,,,0,0,1
P0172,63,G1,,,,,,,,,,0,0,0,0,0,0,,0,0,0,0,0,0,0,,,0
P0172,63,G3,0,0,0,0,0,0,0,0,0,,,,,,,0,,,,,,,,0,0,0
P0188,126,G1,,,,,,,,,,0,0,0,0,0,0,,0,0,0,0,0,0,0,,,0
P0188,126,G3,0,0,0,0,0,0,0,0,0,,,,,,,0,,,,,,,,0,0,0
P0197,127,G1,,,,,,,,,,0,0,0,0,0,0,,0,0,0,0,0,0,0,,,0
P0197,127,G3,0,0,0,0,0,1,0,0,0,,,,,,,0,,,,,,,,0,0,1
P0294,128,G1,,,,,,,,,,0,0,0,0,0,0,,0,0,0,0,0,0,0,,,0
P0294,128,G3,0,0,0,0,0,0,0,0,0,,,,,,,0,,,,,,,,0,0,0
P0298,129,G1,,,,,,,,,,0,0,0,0,0,0,,0,0,0,0,0,0,0,,,0
P0298,129,G3,0,0,0,0,0,0,0,0,0,,,,,,,0,,,,,,,,0,0,0
P0300,130,G1,,,,,,,,,,0,0,0,0,0,0,,0,0,0,0,0,0,0,,,0
P0300,130,G3,0,0,0,0,0,0,0,0,0,,,,,,,0,,,,,,,,0,0,0
P0302,131,G1,,,,,,,,,,0,0,0,0,0,0,,0,0,0,0,0,0,0,,,0
P0302,131,G3,0,0,0,0,0,0,0,0,0,,,,,,,0,,,,,,,,0,0,0
P0316,132,G1,,,,,,,,,,0,0,0,0,0,0,,0,0,0,0,0,0,0,,,0
P0316,132,G3,0,0,0,1,0,0,0,0,0,,,,,,,0,,,,,,,,0,0,1
P0414,133,G1,,,,,,,,,,0,0,0,0,0,0,,0,0,0,0,0,0,0,,,0
P0414,133,G3,0,0,0,0,0,0,0,0,0,,,,,,,0,,,,,,,,0,0,0
P0099,189,G1,,,,,,,,,,0,0,0,0,0,0,,0,0,0,0,0,0,0,,,0
P0099,189,G3,0,0,0,0,0,0,0,0,0,,,,,,,0,,,,,,,,0,0,0
P0535,190,G1,,,,,,,,,,0,0,0,0,0,0,,0,0,0,0,0,0,0,,,0
P0535,190,G3,0,0,0,0,0,0,0,0,0,,,,,,,0,,,,,,,,0,0,0
P0440,64,G1,,,,,,,,,,0,0,0,0,0,0,,0,0,0,0,0,0,0,,,0
P0440,64,G3,0,0,0,0,0,0,0,0,0,,,,,,,0,,,,,,,,0,0,0
P0216,191,G1,,,,,,,,,,0,0,0,0,0,0,,0,0,0,0,0,0,0,,,0
P0216,191,G3,0,0,0,0,0,1,0,0,0,,,,,,,0,,,,,,,,0,0,1
P0286,192,G1,,,,,,,,,,0,0,0,0,0,0,,0,0,0,0,0,0,0,,,0
P0286,192,G3,0,0,0,0,0,0,0,0,0,,,,,,,0,,,,,,,,0,0,0
P0196,65,G1,,,,,,,,,,0,0,0,0,0,0,,0,0,0,0,0,0,0,,,0
P0196,65,G3,0,0,0,0,0,0,0,0,0,,,,,,,0,,,,,,,,0,0,0
P0087,193,G1,,,,,,,,,,0,0,0,0,0,0,,0,0,0,0,0,0,0,,,0
P0087,193,G3,0,0,0,0,0,0,0,0,0,,,,,,,0,,,,,,,,0,0,0
P0538,134,G1,,,,,,,,,,0,0,0,0,0,0,,0,0,0,0,0,0,0,,,0
P0538,134,G3,0,0,0,0,0,0,0,0,0,,,,,,,0,,,,,,,,0,0,0
P0309,66,G1,,,,,,,,,,0,0,0,0,0,0,,0,0,0,0,0,0,0,,,0
P0309,66,G3,0,0,0,0,0,0,0,0,0,,,,,,,0,,,,,,,,0,0,0
P0178,19,G1,,,,,,,,,,0,0,0,0,0,0,,0,0,0,0,0,0,0,,,0
P0178,19,G3,0,0,0,0,0,0,0,0,0,,,,,,,0,,,,,,,,0,0,0
P0285,135,G1,,,,,,,,,,0,0,0,0,0,0,,0,0,0,0,0,0,0,,,0
P0285,135,G3,0,0,0,0,0,0,0,0,0,,,,,,,0,,,,,,,,0,0,0
P0345,67,G1,,,,,,,,,,0,0,0,0,0,0,,0,0,0,0,0,0,0,,,0
P0345,67,G3,0,0,0,0,0,0,0,0,0,,,,,,,0,,,,,,,,0,0,0
P0023,136,G1,,,,,,,,,,0,0,0,0,0,0,,0,0,0,0,0,0,0,,,0
P0023,136,G3,0,0,0,0,0,0,0,0,0,,,,,,,0,,,,,,,,0,0,0
P0339,68,G1,,,,,,,,,,0,0,0,0,0,0,,0,0,0,0,0,0,0,,,0
P0339,68,G3,0,0,0,0,0,1,0,0,0,,,,,,,0,,,,,,,,0,0,1
P0336,69,G1,,,,,,,,,,0,0,0,0,0,0,,0,0,0,0,0,0,0,,,0
P0336,69,G3,0,0,0,0,0,0,0,0,0,,,,,,,0,,,,,,,,0,0,0
P0321,20,G1,,,,,,,,,,0,0,0,0,0,0,,0,0,0,0,0,0,0,,,0
P0321,20,G3,0,0,0,0,0,0,0,0,0,,,,,,,0,,,,,,,,0,0,0
P0337,197,G1,,,,,,,,,,0,0,0,0,0,0,,0,0,0,0,0,0,0,,,0
P0337,197,G3,0,0,0,0,0,0,0,1,0,,,,,,,0,,,,,,,,0,0,1
P0412,70,G1,,,,,,,,,,0,0,0,0,0,0,,0,0,0,0,0,0,0,,,0
P0412,70,G3,0,0,0,0,0,0,0,0,0,,,,,,,0,,,,,,,,0,0,0
P0217,137,G1,,,,,,,,,,0,0,0,0,0,0,,0,0,0,0,0,0,0,,,0
P0217,137,G3,0,0,0,0,0,17,0,0,0,,,,,,,0,,,,,,,,0,0,17
P0341,21,G1,,,,,,,,,,0,0,0,0,0,0,,0,0,0,0,0,0,0,,,0
P0341,21,G3,0,0,0,0,0,2,0,0,0,,,,,,,0,,,,,,,,0,0,2
P0545,138,G1,,,,,,,,,,0,0,0,0,0,0,,0,0,0,0,0,0,0,,,0
P0545,138,G3,0,0,0,0,0,0,0,0,0,,,,,,,0,,,,,,,,0,0,0
P0245,71,G1,,,,,,,,,,0,0,0,0,0,0,,0,0,0,0,0,0,0,,,0
P0245,71,G3,0,0,0,0,0,0,0,0,0,,,,,,,0,,,,,,,,0,0,0
P0228,139,G1,,,,,,,,,,0,0,0,0,0,0,,0,0,0,0,0,0,0,,,0
P0228,139,G3,0,0,0,0,0,0,0,0,0,,,,,,,0,,,,,,,,0,0,0
P0378,22,G1,,,,,,,,,,0,0,0,0,0,0,,0,0,0,0,0,0,0,,,0
P0378,22,G3,0,0,0,0,0,0,0,0,0,,,,,,,0,,,,,,,,0,0,0
P0403,23,G1,,,,,,,,,,0,0,0,0,0,0,,0,0,0,0,0,0,0,,,0
P0403,23,G3,0,0,0,0,0,1,0,0,0,,,,,,,0,,,,,,,,0,0,1
P0406,140,G1,,,,,,,,,,0,0,0,0,0,0,,0,0,0,0,0,0,0,,,0
P0406,140,G3,0,0,0,0,0,0,0,0,0,,,,,,,0,,,,,,,,0,0,0
P0338,72,G1,,,,,,,,,,0,0,0,0,0,0,,0,0,0,0,0,0,0,,,0
P0338,72,G3,0,0,0,0,0,0,0,0,0,,,,,,,0,,,,,,,,0,0,0
P0118,141,G1,,,,,,,,,,0,0,0,0,0,0,,0,0,0,0,0,0,0,,,0
P0118,141,G3,0,0,0,0,0,0,0,0,0,,,,,,,0,,,,,,,,0,0,0
P0031,73,G1,,,,,,,,,,0,0,0,0,0,0,,0,0,0,0,0,0,0,,,0
P0031,73,G3,0,0,0,0,0,0,0,0,0,,,,,,,0,,,,,,,,0,0,0
P0256,74,G1,,,,,,,,,,0,0,0,0,0,0,,0,0,0,0,0,0,0,,,0
P0256,74,G3,0,0,0,1,0,1,0,0,0,,,,,,,0,,,,,,,,0,0,2
P0284,75,G1,,,,,,,,,,0,0,0,0,0,0,,0,0,0,0,0,0,0,,,0
P0284,75,G3,0,0,0,0,0,0,0,0,0,,,,,,,0,,,,,,,,0,0,0
P0322,76,G1,,,,,,,,,,0,0,0,0,0,0,,0,0,0,0,0,0,0,,,0
P0322,76,G3,0,0,0,0,0,0,0,0,0,,,,,,,0,,,,,,,,0,0,0
P0340,77,G1,,,,,,,,,,0,0,0,0,0,0,,0,0,0,0,0,0,0,,,0
P0340,77,G3,0,0,0,0,0,0,0,0,0,,,,,,,0,,,,,,,,0,0,0
P0346,78,G1,,,,,,,,,,0,0,0,0,0,0,,0,0,0,0,0,0,0,,,0
P0346,78,G3,0,0,0,0,0,0,0,0,0,,,,,,,0,,,,,,,,0,0,0
P0349,194,G1,,,,,,,,,,0,0,0,0,0,0,,0,0,0,0,0,0,0,,,0
P0349,194,G3,0,0,0,0,0,0,0,0,0,,,,,,,0,,,,,,,,0,0,0
P0417,24,G1,,,,,,,,,,0,0,0,0,0,0,,0,0,0,0,0,0,0,,,0
P0417,24,G3,0,0,0,0,0,0,0,0,0,,,,,,,0,,,,,,,,0,0,0
P0418,79,G1,,,,,,,,,,0,0,0,0,0,0,,0,0,0,0,0,0,0,,,0
P0418,79,G3,0,0,0,0,0,0,0,0,0,,,,,,,0,,,,,,,,0,0,0
P0662,80,G1,,,,,,,,,,0,0,0,0,0,0,,0,0,0,0,0,0,0,,,0
P0662,80,G3,0,0,0,0,0,0,0,0,0,,,,,,,0,,,,,,,,0,0,0
P0663,142,G1,,,,,,,,,,0,0,0,0,0,0,,0,0,0,0,0,0,0,,,0
P0663,142,G3,0,0,0,0,0,0,0,0,0,,,,,,,0,,,,,,,,0,0,0
P0044,25,G1,,,,,,,,,,0,0,0,0,0,0,,0,0,0,0,0,0,0,,,0
P0044,25,G3,0,0,0,0,0,0,0,0,0,,,,,,,0,,,,,,,,0,0,0
P0002,26,G1,,,,,,,,,,0,0,0,0,0,0,,0,0,0,0,0,0,0,,,0
P0002,26,G3,0,0,0,0,0,0,0,0,0,,,,,,,0,,,,,,,,0,0,0
P0016,81,G1,,,,,,,,,,0,0,0,0,0,0,,0,0,0,0,0,0,0,,,0
P0016,81,G3,0,0,0,0,0,1,0,0,0,,,,,,,0,,,,,,,,0,0,1
P0036,27,G1,,,,,,,,,,0,0,0,0,0,0,,0,0,0,0,0,0,0,,,0
P0036,27,G3,0,0,0,0,0,0,0,0,0,,,,,,,0,,,,,,,,0,0,0
P0048,28,G1,,,,,,,,,,0,0,0,0,0,0,,0,0,0,0,0,0,0,,,0
P0048,28,G3,0,0,0,0,0,0,0,0,0,,,,,,,0,,,,,,,,0,0,0
P0055,198,G1,,,,,,,,,,0,0,0,0,0,0,,0,0,0,0,0,0,0,,,0
P0055,198,G3,0,0,0,0,0,0,0,0,0,,,,,,,0,,,,,,,,0,0,0
P0063,29,G1,,,,,,,,,,0,0,0,0,0,0,,0,0,0,0,0,0,0,,,0
P0063,29,G3,0,0,0,0,0,0,0,0,0,,,,,,,0,,,,,,,,0,0,0
P0070,30,G1,,,,,,,,,,0,0,0,0,0,0,,0,0,0,0,0,0,0,,,0
P0070,30,G3,0,0,0,0,0,0,0,0,0,,,,,,,0,,,,,,,,0,0,0
P0072,143,G1,,,,,,,,,,0,0,0,0,0,0,,0,0,0,0,0,0,0,,,0
P0072,143,G3,0,0,0,0,0,0,0,0,0,,,,,,,0,,,,,,,,0,0,0
P0076,144,G1,,,,,,,,,,0,0,0,0,0,0,,0,0,0,0,0,0,0,,,0
P0076,144,G3,0,0,0,0,0,0,0,0,0,,,,,,,0,,,,,,,,0,0,0
P0084,82,G1,,,,,,,,,,0,0,0,0,0,0,,0,0,0,0,0,0,0,,,0
P0084,82,G3,0,0,0,0,0,0,0,0,0,,,,,,,0,,,,,,,,0,0,0
P0086,31,G1,,,,,,,,,,0,0,0,0,0,0,,0,0,0,0,0,0,0,,,0
P0086,31,G3,0,0,0,0,0,0,0,0,0,,,,,,,0,,,,,,,,0,0,0
P0153,145,G1,,,,,,,,,,0,0,0,0,0,0,,0,0,0,0,0,0,0,,,0
P0153,145,G3,0,0,0,0,0,0,0,0,0,,,,,,,0,,,,,,,,0,0,0
P0271,32,G1,,,,,,,,,,0,0,0,0,0,0,,0,0,0,0,0,0,0,,,0
P0271,32,G3,0,0,0,0,0,0,0,0,0,,,,,,,0,,,,,,,,0,0,0
P0289,33,G1,,,,,,,,,,0,0,0,0,0,0,,0,0,0,0,0,0,0,,,0
P0289,33,G3,0,0,0,0,0,0,0,0,0,,,,,,,0,,,,,,,,0,0,0
P0293,146,G1,,,,,,,,,,0,0,0,0,0,0,,0,0,0,0,0,0,0,,,0
P0293,146,G3,0,0,0,0,0,0,0,0,0,,,,,,,0,,,,,,,,0,0,0
P0368,34,G1,,,,,,,,,,0,0,0,0,0,0,,0,0,0,0,0,0,0,,,0
P0368,34,G3,0,0,0,6,0,0,0,0,0,,,,,,,0,,,,,,,,0,0,6
P0369,83,G1,,,,,,,,,,0,0,0,0,0,0,,0,0,0,0,0,0,0,,,0
P0369,83,G3,0,0,0,0,0,0,0,0,0,,,,,,,0,,,,,,,,0,0,0
P0049,35,G1,,,,,,,,,,0,0,0,0,0,0,,0,0,0,0,0,0,0,,,0
P0049,35,G3,0,0,0,0,0,0,0,0,0,,,,,,,0,,,,,,,,0,0,0
P0437,36,G1,,,,,,,,,,0,0,0,0,0,0,,0,0,0,0,0,0,0,,,0
P0437,36,G3,0,0,0,0,0,0,0,0,0,,,,,,,0,,,,,,,,0,0,0
P0632,37,G1,,,,,,,,,,0,0,0,0,0,0,,0,0,0,0,0,0,0,,,0
P0632,37,G3,0,0,0,0,0,0,0,0,0,,,,,,,0,,,,,,,,0,0,0
P0005,84,G1,,,,,,,,,,0,0,0,0,0,0,,0,0,0,0,0,0,0,,,0
P0005,84,G3,0,0,0,0,0,3,0,4,0,,,,,,,0,,,,,,,,0,0,7
P0042,85,G1,,,,,,,,,,0,0,0,0,0,0,,0,0,0,0,0,0,0,,,0
P0042,85,G3,0,0,0,0,0,0,0,0,0,,,,,,,0,,,,,,,,0,0,0
P0052,86,G1,,,,,,,,,,0,0,0,0,0,0,,0,0,0,0,0,0,0,,,0
P0052,86,G3,0,0,0,0,0,0,0,0,0,,,,,,,0,,,,,,,,0,0,0
P0075,87,G1,,,,,,,,,,0,0,0,0,0,0,,0,0,0,0,0,0,0,,,0
P0075,87,G3,0,0,0,0,0,0,0,0,0,,,,,,,0,,,,,,,,0,0,0
P0119,88,G1,,,,,,,,,,0,0,0,0,0,0,,0,0,0,0,0,0,0,,,0
P0119,88,G3,0,0,0,0,0,0,0,0,0,,,,,,,0,,,,,,,,0,0,0
P0120,147,G1,,,,,,,,,,0,0,0,0,0,0,,0,0,0,0,0,0,0,,,0
P0120,147,G3,0,0,0,0,0,0,0,0,0,,,,,,,0,,,,,,,,0,0,0
P0128,89,G1,,,,,,,,,,0,0,0,0,0,0,,0,0,0,0,0,0,0,,,0
P0128,89,G3,0,0,0,0,0,0,0,0,0,,,,,,,0,,,,,,,,0,0,0
P0173,90,G1,,,,,,,,,,0,0,0,0,0,0,,0,0,0,0,0,0,0,,,0
P0173,90,G3,0,0,0,0,0,0,0,0,0,,,,,,,0,,,,,,,,0,0,0
P0211,91,G1,,,,,,,,,,0,0,0,0,0,0,,0,0,0,0,0,0,0,,,0
P0211,91,G3,0,0,0,0,0,0,0,0,0,,,,,,,0,,,,,,,,0,0,0
P0225,148,G1,,,,,,,,,,0,0,0,0,0,0,,0,0,0,0,0,0,0,,,0
P0225,148,G3,0,0,0,0,0,0,0,0,0,,,,,,,0,,,,,,,,0,0,0
P0251,92,G1,,,,,,,,,,0,0,0,0,0,0,,0,0,0,0,0,0,0,,,0
P0251,92,G3,0,0,0,0,0,0,0,0,0,,,,,,,0,,,,,,,,0,0,0
P0335,149,G1,,,,,,,,,,0,0,0,0,0,0,,0,0,0,0,0,0,0,,,0
P0335,149,G3,0,0,0,0,0,0,0,0,0,,,,,,,0,,,,,,,,0,0,0
P0374,93,G1,,,,,,,,,,0,0,0,0,0,0,,0,0,0,0,0,0,0,,,0
P0374,93,G3,0,0,0,0,0,0,0,0,0,,,,,,,0,,,,,,,,0,0,0
P0381,150,G1,,,,,,,,,,0,0,0,0,0,0,,0,0,0,0,0,0,0,,,0
P0381,150,G3,0,0,0,0,0,0,0,0,0,,,,,,,0,,,,,,,,0,0,0
P0425,151,G1,,,,,,,,,,0,0,0,0,0,0,,0,0,0,0,0,0,0,,,0
P0425,151,G3,0,0,0,0,0,0,0,0,0,,,,,,,0,,,,,,,,0,0,0
P0565,152,G1,,,,,,,,,,0,0,0,0,0,0,,0,0,0,0,0,0,0,,,0
P0565,152,G3,0,0,0,0,0,0,0,0,0,,,,,,,0,,,,,,,,0,0,0
P0584,153,G1,,,,,,,,,,0,0,0,0,0,0,,0,0,0,0,0,0,0,,,0
P0584,153,G3,0,0,0,0,0,0,0,0,0,,,,,,,0,,,,,,,,0,0,0
P0613,38,G1,,,,,,,,,,0,0,0,0,0,0,,0,0,0,0,0,0,0,,,0
P0613,38,G3,0,0,0,1,0,2,0,1,0,,,,,,,0,,,,,,,,0,0,4
P0434,94,G1,,,,,,,,,,0,0,0,0,0,0,,0,0,0,0,0,0,0,,,0
P0434,94,G3,0,0,0,0,0,1,0,0,0,,,,,,,0,,,,,,,,0,0,1
P0387,95,G1,,,,,,,,,,0,0,0,0,0,0,,0,0,0,0,0,0,0,,,0
P0387,95,G3,0,0,0,0,0,0,0,0,0,,,,,,,0,,,,,,,,0,0,0
P0702,154,G1,,,,,,,,,,0,0,0,0,0,0,,0,0,0,0,0,0,0,,,0
P0702,154,G3,0,0,0,0,0,0,0,0,0,,,,,,,0,,,,,,,,0,0,0
P0703,155,G1,,,,,,,,,,0,0,0,0,0,0,,0,0,0,0,0,0,0,,,0
P0703,155,G3,0,0,0,0,0,0,0,0,0,,,,,,,0,,,,,,,,0,0,0
P0705,39,G1,,,,,,,,,,0,0,0,0,0,0,,0,0,0,0,0,0,0,,,0
P0705,39,G3,0,0,0,0,0,0,0,0,0,,,,,,,0,,,,,,,,0,0,0
P0706,96,G1,,,,,,,,,,0,0,0,0,0,0,,0,0,0,0,0,0,0,,,0
P0706,96,G3,0,0,0,0,0,1,0,0,0,,,,,,,0,,,,,,,,0,0,1
P0708,97,G1,,,,,,,,,,0,0,0,0,0,0,,0,0,0,0,0,0,0,,,0
P0708,97,G3,0,0,0,0,0,0,0,0,0,,,,,,,0,,,,,,,,0,0,0
P0711,156,G1,,,,,,,,,,0,0,0,0,0,0,,0,0,0,0,0,0,0,,,0
P0711,156,G3,0,0,0,0,0,0,0,0,0,,,,,,,0,,,,,,,,0,0,0
P0713,157,G1,,,,,,,,,,0,0,0,0,0,0,,0,0,0,0,0,0,0,,,0
P0713,157,G3,0,0,0,0,0,0,0,0,0,,,,,,,0,,,,,,,,0,0,0
P0721,98,G1,,,,,,,,,,0,0,0,0,0,0,,0,0,0,0,0,0,0,,,0
P0721,98,G3,0,0,0,0,0,0,0,0,0,,,,,,,0,,,,,,,,0,0,0
P0728,158,G1,,,,,,,,,,0,0,0,0,0,0,,0,0,0,0,0,0,0,,,0
P0728,158,G3,0,0,0,0,0,0,0,0,0,,,,,,,0,,,,,,,,0,0,0
P0729,99,G1,,,,,,,,,,0,0,0,0,0,0,,0,0,0,0,0,0,0,,,0
P0729,99,G3,0,0,0,0,0,0,0,0,0,,,,,,,0,,,,,,,,0,0,0
P0731,159,G1,,,,,,,,,,0,0,0,0,0,0,,0,0,0,0,0,0,0,,,0
P0731,159,G3,0,0,0,0,0,0,0,0,0,,,,,,,0,,,,,,,,0,0,0
P0733,160,G1,,,,,,,,,,0,0,0,0,0,0,,0,0,0,0,0,0,0,,,0
P0733,160,G3,0,0,0,0,0,0,0,0,0,,,,,,,0,,,,,,,,0,0,0
P0735,161,G1,,,,,,,,,,0,0,0,0,0,0,,0,0,0,0,0,0,0,,,0
P0735,161,G3,0,0,0,0,0,0,0,0,0,,,,,,,0,,,,,,,,0,0,0
P0736,162,G1,,,,,,,,,,0,0,0,0,0,0,,0,0,0,0,0,0,0,,,0
P0736,162,G3,0,0,0,0,0,0,0,0,0,,,,,,,0,,,,,,,,0,0,0
P0738,100,G1,,,,,,,,,,0,0,0,0,0,0,,0,0,0,0,0,0,0,,,0
P0738,100,G3,0,0,0,0,0,0,0,0,0,,,,,,,0,,,,,,,,0,0,0
P0739,101,G1,,,,,,,,,,0,0,0,0,0,0,,0,0,0,0,0,0,0,,,0
P0739,101,G3,0,0,0,0,0,0,0,0,0,,,,,,,0,,,,,,,,0,0,0
P0744,102,G1,,,,,,,,,,0,0,0,0,1,0,,0,0,0,0,0,0,0,,,1
P0744,102,G3,0,0,0,0,0,0,0,0,0,,,,,,,0,,,,,,,,0,0,0
P0745,163,G1,,,,,,,,,,0,0,0,0,0,0,,0,0,0,0,0,0,0,,,0
P0745,163,G3,0,0,0,0,0,0,0,0,0,,,,,,,0,,,,,,,,0,0,0
P0746,164,G1,,,,,,,,,,0,0,0,0,0,0,,0,0,0,0,0,0,0,,,0
P0746,164,G3,0,0,0,0,0,0,0,0,0,,,,,,,0,,,,,,,,0,0,0
P0747,165,G1,,,,,,,,,,0,0,0,0,0,0,,0,0,0,0,0,0,0,,,0
P0747,165,G3,0,0,0,0,0,0,0,0,0,,,,,,,0,,,,,,,,0,0,0
P0750,103,G1,,,,,,,,,,0,0,0,0,0,0,,0,0,0,0,0,0,0,,,0
P0750,103,G3,0,0,0,0,0,0,0,0,0,,,,,,,0,,,,,,,,0,0,0
P0751,104,G1,,,,,,,,,,0,0,0,0,0,0,,0,0,0,0,0,0,0,,,0
P0751,104,G3,0,0,0,0,0,0,0,0,0,,,,,,,0,,,,,,,,0,0,0
P0754,40,G1,,,,,,,,,,0,0,0,0,0,0,,0,0,0,0,0,0,0,,,0
P0754,40,G3,0,0,0,0,0,0,0,0,0,,,,,,,0,,,,,,,,0,0,0
P0763,166,G1,,,,,,,,,,0,0,0,0,0,0,,0,0,0,0,0,0,0,,,0
P0763,166,G3,0,0,0,0,0,0,0,0,0,,,,,,,0,,,,,,,,0,0,0
P0773,167,G1,,,,,,,,,,0,0,0,0,0,0,,0,0,0,0,0,0,0,,,0
P0773,167,G3,0,0,0,0,0,0,0,0,0,,,,,,,0,,,,,,,,0,0,0
P0799,168,G1,,,,,,,,,,0,0,0,0,0,0,,0,0,0,0,0,0,0,,,0
P0799,168,G3,0,0,0,0,0,0,0,0,0,,,,,,,0,,,,,,,,0,0,0
P0803,169,G1,,,,,,,,,,0,0,0,0,0,0,,0,0,0,0,0,0,0,,,0
P0803,169,G3,0,0,0,0,0,0,0,0,0,,,,,,,0,,,,,,,,0,0,0
P0804,105,G1,,,,,,,,,,0,0,0,0,0,0,,0,0,0,0,0,0,0,,,0
P0804,105,G3,0,0,0,0,0,0,0,0,0,,,,,,,0,,,,,,,,0,0,0
P0808,41,G1,,,,,,,,,,0,0,0,0,0,0,,0,0,0,0,0,0,0,,,0
P0808,41,G3,0,0,0,0,0,0,0,0,0,,,,,,,0,,,,,,,,0,0,0
P0811,170,G1,,,,,,,,,,0,0,0,0,0,0,,0,0,0,0,0,0,0,,,0
P0811,170,G3,0,0,0,0,0,0,0,0,0,,,,,,,0,,,,,,,,0,0,0
P0820,171,G1,,,,,,,,,,0,0,0,0,0,0,,0,0,0,0,0,0,0,,,0
P0820,171,G3,0,0,0,0,0,0,0,0,0,,,,,,,0,,,,,,,,0,0,0
P0822,106,G1,,,,,,,,,,0,0,0,0,0,0,,0,0,0,0,0,0,0,,,0
P0822,106,G3,0,0,0,0,0,21,0,5,0,,,,,,,0,,,,,,,,0,0,26
P0839,199,G1,,,,,,,,,,0,0,0,0,0,0,,0,0,0,0,0,0,0,,,0
P0839,199,G3,0,0,0,0,0,0,0,0,0,,,,,,,0,,,,,,,,0,0,0
P0841,172,G1,,,,,,,,,,0,0,0,0,0,0,,0,0,0,0,0,0,0,,,0
P0841,172,G3,0,0,0,0,0,0,0,0,0,,,,,,,0,,,,,,,,0,0,0
P0848,173,G1,,,,,,,,,,0,0,0,0,0,0,,0,0,0,0,0,0,0,,,0
P0848,173,G3,0,0,0,0,0,0,0,0,0,,,,,,,0,,,,,,,,0,0,0
P0850,174,G1,,,,,,,,,,0,0,0,0,0,0,,0,0,0,0,0,0,0,,,0
P0850,174,G3,0,0,0,0,0,0,0,0,0,,,,,,,0,,,,,,,,0,0,0
P0858,175,G1,,,,,,,,,,0,0,0,0,0,0,,0,0,0,0,0,0,0,,,0
P0858,175,G3,0,0,0,0,0,0,0,0,0,,,,,,,0,,,,,,,,0,0,0
P0859,176,G1,,,,,,,,,,0,0,0,0,0,0,,0,0,0,0,0,0,0,,,0
P0859,176,G3,0,0,0,0,0,0,0,0,0,,,,,,,0,,,,,,,,0,0,0
P0862,177,G1,,,,,,,,,,0,0,0,1,0,0,,0,0,0,0,0,0,1,,,2
P0862,177,G3,0,0,0,0,0,0,0,0,0,,,,,,,0,,,,,,,,0,0,0
P0863,178,G1,,,,,,,,,,0,0,0,0,0,0,,0,0,0,0,0,0,0,,,0
P0863,178,G3,0,0,0,0,0,0,0,0,0,,,,,,,0,,,,,,,,0,0,0
P0864,179,G1,,,,,,,,,,0,0,0,1,0,0,,0,0,0,0,0,0,0,,,1
P0864,179,G3,0,0,0,0,0,0,0,0,0,,,,,,,0,,,,,,,,0,0,0
P0865,107,G1,,,,,,,,,,0,0,0,0,0,0,,0,0,0,0,0,0,0,,,0
P0865,107,G3,0,0,0,0,0,0,0,0,0,,,,,,,0,,,,,,,,0,0,0
P0867,195,G1,,,,,,,,,,0,0,0,0,0,0,,0,0,0,0,0,0,0,,,0
P0867,195,G3,0,0,0,0,0,0,0,0,0,,,,,,,0,,,,,,,,0,0,0
P0870,180,G1,,,,,,,,,,0,0,0,0,0,0,,0,0,0,0,0,0,0,,,0
P0870,180,G3,0,0,0,0,0,0,0,0,0,,,,,,,0,,,,,,,,0,0,0
P0876,108,G1,,,,,,,,,,0,0,0,0,0,0,,0,0,0,0,0,0,0,,,0
P0876,108,G3,0,0,0,1,0,0,0,0,0,,,,,,,0,,,,,,,,0,0,1
P0878,181,G1,,,,,,,,,,0,0,0,0,0,0,,0,0,0,0,0,0,0,,,0
P0878,181,G3,0,0,0,0,0,0,0,0,0,,,,,,,0,,,,,,,,0,0,0
P0880,109,G1,,,,,,,,,,0,0,0,0,0,0,,0,0,0,0,0,0,0,,,0
P0880,109,G3,0,0,0,0,0,0,0,0,0,,,,,,,0,,,,,,,,0,0,0
P0882,42,G1,,,,,,,,,,0,0,0,0,0,0,,0,0,0,0,0,0,0,,,0
P0882,42,G3,0,0,0,7,0,0,0,0,0,,,,,,,0,,,,,,,,0,0,7
P0888,110,G1,,,,,,,,,,0,0,0,0,0,0,,0,0,0,0,0,0,0,,,0
P0888,110,G3,0,0,0,0,0,0,0,0,0,,,,,,,0,,,,,,,,0,0,0
P0892,111,G1,,,,,,,,,,0,0,0,0,0,0,,0,0,0,0,0,0,0,,,0
P0892,111,G3,0,0,0,1,0,0,0,0,0,,,,,,,0,,,,,,,,0,0,1
P0901,182,G1,,,,,,,,,,0,0,0,0,0,0,,0,0,0,0,0,0,0,,,0
P0901,182,G3,0,0,0,0,0,0,0,0,0,,,,,,,0,,,,,,,,0,0,0
P0902,183,G1,,,,,,,,,,0,0,0,0,0,0,,0,0,0,0,0,0,0,,,0
P0902,183,G3,0,0,0,15,0,2,0,1,0,,,,,,,0,,,,,,,,0,0,18
P0903,184,G1,,,,,,,,,,0,0,0,0,0,0,,0,0,0,0,0,0,0,,,0
P0903,184,G3,0,0,0,0,0,0,0,0,0,,,,,,,0,,,,,,,,0,0,0
P0907,185,G1,,,,,,,,,,0,0,0,0,0,0,,0,0,0,0,0,0,0,,,0
P0907,185,G3,0,0,0,1,0,0,0,0,0,,,,,,,0,,,,,,,,0,0,1
P0908,196,G1,,,,,,,,,,0,0,0,1,0,0,,0,0,0,0,0,0,0,,,1
P0908,196,G3,0,0,0,0,0,0,0,0,0,,,,,,,0,,,,,,,,0,0,0
P0910,186,G1,,,,,,,,,,0,0,0,0,0,0,,0,0,0,0,0,0,0,,,0
P0910,186,G3,0,0,0,0,0,0,0,0,0,,,,,,,0,,,,,,,,0,0,0
P0919,187,G1,,,,,,,,,,0,0,0,0,0,0,,0,0,0,0,0,0,0,,,0
P0919,187,G3,0,0,0,0,0,0,0,0,0,,,,,,,0,,,,,,,,0,0,0
P0924,188,G1,,,,,,,,,,0,0,0,0,0,0,,0,0,0,0,0,0,0,,,0
P0924,188,G3,0,0,0,0,0,0,0,0,0,,,,,,,0,,,,,,,,0,0,0
