table,category,ref_numbers
architecture,Filter-based (EKF/ESKF/IEKF/ESIKF/LIEKF/UKF/MSCKF),17 19 20 21 23 24 29 33 36 38 39 44 45 46 47 48 49 50 51 52 53 54 55 56 57 58 59 60 61 62 63 64 65 66 67 68 69 70 71 72 73 74 75 76 77 78 79 80 81 82 83 84 85 86 87 88 89 90 91 92 93 94 95 96 97 98 99 100 101 102 103 104 105 106 107 108 109 110 111
architecture,Optimization-based (sliding-window / factor graph / iSAM),18 19 20 21 22 25 26 27 28 30 31 32 35 37 38 40 41 42 60 63 64 66 69 70 71 89 92 95 99 110 112 113 114 115 116 117 118 119 120 121 122 123 124 125 126 127 128 129 130 131 132 133 134 135 136 137 138 139 140 141 142 143 144 145 146 147 148 149 150 151 152 153 154 155 156 157 158 159 160 161 162 163 164 165 166 167 168 169 170 171 172 173 174 175 176 177 178 179 180 181 182 183 184 185 186 187 188
architecture,Learning-based / Neural-Augmented,24 60 62 64 65 72 73 79 81 82 84 104 108 111 133 142 150 153 161 163 170 176 179 184 185 186 189 190 191 192 193 194 195 196
architecture,Collaborative / Distributed multi-UAV,19 22 28 29 31 32 33 37 41 61 66 89 96 122 134 142 166 167 168 173
frontend,Monocular (default),19 22 23 24 27 31 33 34 35 37 39 40 45 46 47 48 49 50 51 55 57 58 61 62 63 65 66 70 71 73 74 77 79 80 81 82 83 84 86 87 88 89 90 91 92 94 99 101 102 104 105 106 107 111 113 114 115 116 117 118 120 121 122 123 124 125 129 131 132 133 134 135 137 139 140 141 143 144 145 146 147 148 149 150 151 153 154 155 157 158 159 162 163 164 165 167 169 170 171 172 174 178 179 181 186 188 189 190 191 192 193 194 195 196 197 198 199
frontend,Stereo,17 18 21 26 27 28 30 37 38 41 42 44 53 54 59 60 64 67 68 72 75 76 85 95 96 98 100 103 108 110 112 119 127 136 138 142 149 152 156 160 161 166 168 171 172 175 177 178 180 183 184 185 186 187
frontend,Event camera / Neuromorphic,56 126 141 165 176 182 188
frontend,Thermal / Infrared,37 51 61 69 105 185
frontend,Depth / ToF / RGB-D,20 29 32 40 52 97 108 130 178 184
frontend,Not specified,25 36 78 93 109 128 173
aux,GNSS / RTK / SBAS augmentation,18 21 25 27 30 33 38 59 60 68 70 78 106 108 115 123 137 181
aux,LiDAR augmentation,19 26 34 36 60 68 80 88 90 108 120 153 164
aux,UWB ranging augmentation,17 22 28 29 33 36 37 41 42 63 66 77 89 92 95 96 122 125 166 167 168 173 180 185 192
aux,Magnetometer / Magnetic,35 94 106 107 111 137 197
aux,Barometer (absolute pressure altitude),21 38 55 57 62 106 124 137 197
aux,Radar / laser altimeter / downward rangefinder (range to ground),17 21 25 42 45 51 85 91 111 112 126 132 183 188
aux,Satellite-map / reference-map matching (absolute position),35 57 62 70 79 81 84 85 106 132 144 169 181
aux,Fiducial markers (absolute pose),37 39 58 83 99 127 151
adaptive,Adaptive noise covariance tuning,23 24 26 27 29 30 31 38 39 54 55 57 60 72 82 86 87 92 98 100 108 121 122 147 149 164 169 173 174 181
adaptive,Visual feature-quality assessment,27 40 46 54 57 80 83 98 102 107 108 121 129 133 140 143 145 147 148 149 151 153 155 159 160 162 163 174 177 179 181
adaptive,Mode switching / Fault detection,19 24 25 27 37 41 51 58 60 65 68 70 81 88 89 90 95 108 109 110 111 112 120 124 125 137 142 153 163 172 181 183 186 188 189
adaptive,Outlier rejection / Robust weighting,17 19 22 28 32 35 36 37 40 42 52 55 57 63 66 67 76 79 80 85 87 90 91 92 95 99 100 106 108 118 120 122 127 129 131 132 133 134 140 141 142 143 144 146 147 149 150 151 152 153 157 161 162 164 166 167 168 169 171 172 175 178 179 180 181 182 183 187 198
adaptive,Online calibration / Online parameter estimation,36 37 46 48 53 58 59 61 77 78 80 83 89 91 98 99 106 112 114 135 137 138 154 162 165 172 175 183 199
adaptive,Learning-augmented adaptation,24 60 62 72 73 82 111 133 150 153 161 170 179 184 186 192 193 195 196
conditions,Indoor,17 19 20 22 24 26 27 28 29 36 39 40 41 42 47 48 50 52 56 63 67 69 71 72 75 77 80 82 83 91 92 95 97 98 104 108 110 112 115 118 123 125 126 129 130 137 139 141 144 145 147 150 151 153 156 161 162 164 165 166 168 170 172 173 175 176 177 178 179 180 182 185 187 188 190 191 192 193 194 195 198 199
conditions,Outdoor / Urban,18 21 22 23 25 27 30 31 32 33 34 35 37 38 47 51 55 57 59 60 62 64 66 68 70 73 78 79 80 81 82 84 85 87 89 90 91 94 100 102 105 106 107 108 110 112 113 115 116 118 120 121 122 123 124 127 129 132 137 138 140 144 148 152 153 161 162 165 168 169 170 172 174 177 178 179 181 182 183 188 193 195 196 197 198 199
conditions,Low-light / Dark,24 40 51 52 54 56 61 69 80 82 100 102 105 114 118 123 126 143 145 146 147 153 155 160 161 164 165 171 174 175 176 177 181 182 185 186 188 195
conditions,Low texture / Featureless,27 40 44 55 60 68 69 73 80 81 82 84 85 90 92 95 97 98 102 105 107 108 118 123 124 125 126 131 140 143 145 146 147 151 152 153 155 161 164 168 172 177 179 180 181 182 183 186 187 190 195 196
conditions,High-speed / Aggressive motion,20 21 29 40 46 53 54 60 67 71 73 82 91 98 99 104 109 110 111 114 116 118 119 121 126 130 133 139 146 148 149 154 159 160 161 163 164 165 170 172 175 176 177 179 182 183 184 188 190 193
conditions,Dynamic / Moving objects,55 68 100 108 118 129 171 176 179 195 196
conditions,GNSS-denied operation (relevance flag R1 = 1),17 18 19 21 25 26 27 28 29 30 31 32 33 34 35 36 38 39 41 42 45 46 47 48 49 50 51 52 53 54 55 56 57 58 59 60 61 62 63 64 65 66 67 68 69 70 71 72 73 75 77 79 81 82 83 84 85 86 87 89 90 91 92 93 95 96 98 100 102 104 105 106 107 108 110 111 112 113 117 118 120 121 122 123 124 125 126 127 129 132 134 135 136 137 139 140 141 144 146 147 151 152 157 160 164 166 167 168 173 176 177 180 181 183 185 186 187 188 190 191 192 193 194 195 197
platform,Quadrotor / Multirotor,18 20 21 22 24 25 26 28 30 31 32 33 34 35 36 37 38 42 45 46 47 48 49 50 52 56 60 61 64 65 67 69 70 74 80 81 83 84 88 93 94 95 98 100 102 104 105 115 116 117 125 126 127 137 138 139 140 141 142 143 147 151 152 153 154 157 165 166 168 169 170 173 176 177 179 181 182 183 184 185 188 195 197 198 199
platform,MAV / Micro UAV,19 53 71 72 75 85 91 103 109 114 131 144 145 149 150 158 159 163 172 187 191 192 193 194 196
platform,Fixed-wing,23 106 107 113 124 148
platform,Not specified,17 27 29 39 40 41 44 51 54 55 57 58 59 62 63 66 68 73 76 77 78 79 82 86 87 89 90 92 96 97 99 101 108 110 111 112 118 119 120 121 122 123 128 129 130 132 133 134 135 136 146 155 156 160 161 162 164 167 171 174 175 178 180 186 189 190
validation,Real-flight,17 18 19 20 21 22 23 24 25 27 28 29 30 35 36 37 39 40 42 44 45 46 47 51 52 55 56 58 59 60 61 62 65 67 68 69 70 71 77 79 80 81 83 84 85 91 92 93 94 95 96 98 99 100 102 105 106 107 112 113 115 116 120 122 125 126 127 130 132 137 138 139 140 141 142 147 150 151 152 153 164 165 166 168 169 170 173 174 176 177 179 180 181 182 183 187 188 190 195 196 197 198 199
validation,Simulation,20 23 26 31 32 33 34 38 49 50 57 66 73 74 82 86 87 88 89 90 108 111 124 132 148 154 157 167 185 189 191 194
validation,Public benchmark dataset,22 24 25 29 40 41 42 44 53 54 59 63 64 68 72 73 75 76 78 80 81 82 92 98 99 100 101 103 104 109 110 114 115 116 117 118 119 120 121 123 125 126 128 129 130 131 133 134 135 136 139 140 142 143 144 145 146 147 149 150 153 155 156 157 158 159 160 161 162 163 165 167 170 171 172 175 176 177 178 179 182 184 185 186 187 189 190 191 192 193 194 195 196 198
metrics,ATE (Absolute Trajectory Error),17 18 19 21 22 24 25 27 28 29 30 33 35 38 40 42 44 52 53 54 56 60 61 63 64 68 70 76 77 78 79 80 81 85 89 91 92 98 99 100 101 102 103 104 107 110 115 117 118 119 121 125 127 128 129 131 132 133 134 136 142 143 144 145 146 147 149 150 151 152 153 155 156 157 158 159 160 161 162 163 164 165 167 168 169 170 171 172 173 174 175 176 177 178 179 181 182 183 184 186 193
metrics,RPE (Relative Pose Error),21 26 33 38 46 52 56 64 66 68 91 102 107 110 115 125 136 149 152 155 158 159 161 165 170 173 174 175 177 182 184 186 193 195 196
metrics,RMSE (general position/orientation),17 19 20 22 23 28 29 30 31 32 33 35 36 37 38 39 41 42 44 45 47 49 50 52 53 54 57 58 59 60 62 63 65 68 69 72 73 74 75 76 77 79 80 81 82 83 86 87 88 90 93 94 95 96 97 103 104 106 108 109 110 111 113 114 116 118 120 121 122 123 125 126 127 130 131 132 134 135 137 138 139 140 141 144 146 147 149 150 153 154 161 162 163 165 166 167 168 170 175 176 179 180 183 184 185 186 187 188 189 190 191 192 193 194 195 196 197 198 199
metrics,Processing time / Latency / Real-time,18 19 20 23 24 30 32 35 37 40 41 42 44 45 46 47 49 52 54 55 56 59 61 65 67 70 71 76 77 79 80 81 83 85 91 97 99 100 102 103 107 108 111 113 115 116 118 119 120 123 128 129 130 131 132 133 134 136 137 139 140 141 142 145 146 147 148 149 150 152 153 155 156 157 158 159 160 161 162 164 165 166 168 169 170 171 172 173 175 177 179 180 181 182 183 184 186 187 190 191 194 195 196 199
metrics,"Computational efficiency (memory, FLOPs)",20 23 54 59 61 81 85 91 98 100 107 108 123 127 131 133 136 139 158 177 182 187 193 195 196
