id,ref_number,doi
P0187,17,10.3390/s25247673
P0377,18,10.1109/icra.2018.8460193
P0178,19,10.1109/access.2026.3666998
P0321,20,10.1109/iros.2017.8206189
P0341,21,10.1109/icuas54217.2022.9836067
P0378,22,10.3390/drones6110312
P0403,23,10.3390/drones8060257
P0417,24,10.1109/lra.2024.3377950
P0044,25,10.1109/cfasta57821.2023.10243321
P0002,26,10.1109/rcar58764.2023.10249971
P0036,27,10.1109/tim.2025.3538081
P0048,28,10.1109/cvidl58838.2023.10166845
P0063,29,10.1109/aiotc66747.2025.11198761
P0070,30,10.1109/tcst.2024.3366695
P0086,31,10.1109/tvt.2025.3628254
P0271,32,10.1109/jiot.2025.3573755
P0289,33,10.1109/taes.2023.3297555
P0368,34,10.1109/i2mtc62753.2025.11079197
P0049,35,10.1109/iros47612.2022.9982254
P0437,36,10.1109/icuas54217.2022.9836124
P0632,37,10.1109/tro.2026.3658293
P0613,38,10.1109/metroaerospace64938.2025.11114464
P0705,39,10.1109/metroaerospace64938.2025.11114592
P0754,40,10.1109/access.2020.2983121
P0808,41,10.1109/aim65483.2026.11657903
P0882,42,10.3390/rs18091407
P0176,44,10.1109/tro.2021.3139964
P0089,45,10.1007/s10514-017-9690-5
P0361,46,10.1109/iros.2015.7353389
P0067,47,10.1109/iccas.2015.7364912
P0408,48,10.1177/1687814016640996
P0315,49,10.1109/icuas.2017.7991446
P0108,50,10.1109/reduas47371.2019.8999672
P0393,51,10.1109/icarm.2018.8610740
P0383,52,10.3390/s20051263
P0124,53,10.3390/s20082209
P0037,54,10.1007/s44196-025-00942-0
P0363,55,10.1109/access.2025.3650454
P0106,56,10.1016/j.cviu.2026.104650
P0208,57,10.3390/aerospace12121048
P0326,58,10.3390/s22249654
P0422,59,10.1109/icra57147.2024.10611666
P0427,60,10.3390/machines13020130
P0481,61,10.1109/lra.2022.3194675
P0624,62,10.1109/icns65417.2025.10976891
P0172,63,10.1145/3665645
P0440,64,10.1109/nics54270.2021.9701527
P0196,65,10.1109/lra.2024.3479713
P0309,66,10.1109/icra48506.2021.9560944
P0345,67,10.1109/icra.2015.7139554
P0339,68,10.1109/tiv.2024.3469551
P0336,69,10.1109/icuas.2019.8798279
P0412,70,10.1109/icra.2017.7989745
P0245,71,10.1109/icra.2018.8460692
P0338,72,10.1016/j.eswa.2025.126656
P0031,73,10.33012/2024.19790
P0256,74,10.1016/j.ifacol.2021.11.272
P0284,75,10.1109/tim.2024.3509582
P0322,76,10.1016/j.neucom.2024.129017
P0340,77,10.1109/iros55552.2023.10342012
P0346,78,10.1109/icra57147.2024.10611466
P0418,79,10.1109/iros58592.2024.10802622
P0662,80,10.1109/tro.2024.3502198
P0016,81,10.1109/tro.2025.3613467
P0084,82,10.1109/tim.2025.3555758
P0369,83,10.1109/icinfa.2018.8812447
P0005,84,10.1109/cait68620.2025.11424858
P0042,85,10.1109/icra48891.2023.10160393
P0052,86,10.23919/iccas52745.2021.9649897
P0075,87,10.1109/dasc62030.2024.10748659
P0119,88,10.1109/ccece49351.2022.9918398
P0128,89,10.1109/robio66223.2025.11378261
P0173,90,10.1109/dasc66011.2025.11257343
P0211,91,10.1109/icra46639.2022.9811757
P0251,92,10.1109/tim.2024.3403196
P0374,93,10.1109/iros58592.2024.10801565
P0434,94,10.1109/cac67268.2025.11487778
P0387,95,10.1109/tie.2025.3642438
P0706,96,10.1109/isie51582.2022.9831647
P0708,97,10.1109/iros51168.2021.9636526
P0721,98,10.1109/iros58592.2024.10802729
P0729,99,10.1109/metroaerospace69299.2026.11646645
P0738,100,10.1109/jiot.2026.3732485
P0739,101,10.1109/icra55743.2025.11127636
P0744,102,10.1109/jsen.2026.3724706
P0750,103,10.23919/fusion49751.2022.9841259
P0751,104,10.1109/iros60139.2025.11247627
P0804,105,10.1109/iros40897.2019.8968238
P0822,106,10.1109/icuas69441.2026.11598562
P0865,107,10.1016/j.ast.2026.112673
P0876,108,10.59400/adecp4733
P0880,109,10.5954/icarob.2020.gs1-6
P0888,110,10.3390/electronics15122599
P0892,111,10.5194/isprs-archives-xlviii-4-w22-2025-37-2026
P0105,112,10.23919/ccc50068.2020.9188820
P0182,113,10.1007/978-3-319-50835-1_51
P0027,114,10.3390/s18124287
P0018,115,10.1109/iros45743.2020.9341697
P0103,116,10.1109/tim.2020.2989877
P0021,117,10.1007/s40435-023-01357-5
P0202,118,10.1007/s12555-022-0210-9
P0026,119,10.1016/j.ast.2021.107065
P0039,120,10.3390/drones8090487
P0101,121,10.3390/s25154745
P0115,122,10.3390/drones10030175
P0122,123,10.3390/drones9110801
P0131,124,10.3390/aerospace10030220
P0167,125,10.1016/j.measurement.2022.112256
P0188,126,10.3390/biomimetics7040169
P0197,127,10.1016/j.autcon.2023.105139
P0294,128,10.1016/j.ast.2021.107250
P0298,129,10.1016/j.eswa.2025.126813
P0300,130,10.3390/rs14040979
P0302,131,10.3390/rs16163038
P0316,132,10.3390/drones7080540
P0414,133,10.1016/j.asoc.2025.112809
P0538,134,10.1109/icra.2018.8461213
P0285,135,10.3390/s19102273
P0023,136,10.1016/j.ifacol.2020.12.2412
P0217,137,10.1109/access.2020.3000555
P0545,138,10.1109/icra.2018.8462920
P0228,139,10.1109/tie.2020.3000097
P0406,140,10.1109/taes.2022.3142663
P0118,141,10.3390/s25010061
P0663,142,10.1109/tro.2024.3422003
P0072,143,10.1109/ihmsc62065.2024.00020
P0076,144,10.1109/itsc57777.2023.10422196
P0153,145,10.1109/jsen.2023.3312731
P0293,146,10.1109/jsen.2023.3309907
P0120,147,10.1109/tgrs.2023.3323519
P0225,148,10.1109/icrae53653.2021.9657780
P0335,149,10.1109/jsen.2024.3487243
P0381,150,10.1109/ifeea64237.2024.10878697
P0425,151,10.1109/tim.2022.3198713
P0565,152,10.1109/icvisp68610.2025.11451677
P0584,153,10.1109/tcsvt.2025.3530077
P0702,154,10.1109/iccvw54120.2021.00289
P0703,155,10.1109/lsens.2025.3565321
P0711,156,10.1109/iros.2018.8594007
P0713,157,10.1109/m2vip49856.2021.9665087
P0728,158,10.1109/jsen.2025.3644788
P0731,159,10.1109/tro.2018.2872402
P0733,160,10.1109/aiea62095.2024.10692891
P0735,161,10.1109/lra.2022.3222956
P0736,162,10.1109/lra.2021.3140129
P0745,163,10.1109/icarce55724.2022.10046501
P0746,164,10.1109/iros51168.2021.9635862
P0747,165,10.1109/tase.2023.3324365
P0763,166,10.1109/icra40945.2020.9196944
P0773,167,10.1109/icus58632.2023.10318452
P0799,168,10.1109/tro.2022.3182503
P0803,169,10.1109/lra.2024.3518840
P0811,170,10.1109/tro.2025.3603551
P0820,171,10.1109/lra.2022.3203231
P0841,172,10.1109/tro.2021.3075644
P0848,173,10.1109/tmech.2022.3232796
P0850,174,10.1109/ecie65947.2025.11087004
P0858,175,10.1109/tvt.2024.3370732
P0859,176,10.1109/icra57385.2026.11696544
P0862,177,10.1016/j.eswa.2026.134226
P0863,178,10.1007/978-3-031-63596-0_8
P0864,179,10.14569/ijacsa.2026.0170593
P0870,180,10.1038/s41598-023-43425-y
P0878,181,10.3390/drones10070552
P0901,182,10.1007/s10791-026-10171-4
P0902,183,10.3390/drones10050346
P0903,184,
P0907,185,10.1117/12.3080483
P0910,186,10.1109/jsyst.2026.3714032
P0919,187,10.1007/s10514-021-10002-z
P0924,188,10.1109/lra.2020.3048875
P0099,189,10.23919/acc45564.2020.9147400
P0535,190,10.1109/access.2021.3049896
P0216,191,10.1016/j.measurement.2022.111030
P0286,192,10.1109/access.2023.3279292
P0087,193,10.3390/math13233842
P0349,194,10.1016/j.neunet.2022.09.001
P0867,195,10.1016/j.isprsjprs.2026.03.039
P0908,196,10.1109/tro.2025.3577054
P0337,197,10.12716/1001.19.04.02
P0055,198,10.1109/rem63063.2024.10735689
P0839,199,10.1109/cvprw56347.2022.00493
